transaction_id,customer_id,amount,timestamp,merchant
ccf5e149-544b-4e88-a984-fcde78187612,C15809,441.95,2026-03-14T06:33:44Z,STORE_17
ef04a7d2-6cd7-4a06-b25d-01fb1800a7bd,C79789,326.38,2026-03-14T14:13:59Z,STORE_18
28de45ca-6c52-4560-8b17-58f8bb3c9dec,C61666,461.46,2026-03-12T12:51:39Z,STORE_21
c0e383f4-59a1-4f5c-a804-da8bbf84c543,C54141,316.19,2026-03-12T01:20:20Z,STORE_50
6bdb1324-adac-44ed-a0c3-1fc1852d0afb,C59482,80.08,2026-03-14T11:20:07Z,STORE_6
794cb2be-fa31-471d-8688-94f50bf0316d,C64585,123.59,2026-03-13T22:23:58Z,STORE_26
901556e4-1ecf-4512-a26e-24361bee2102,C71957,462.65,2026-03-15T04:20:58Z,STORE_40
62d45111-0b93-43f7-b107-8c978a55773e,C54327,390.57,2026-03-11T17:18:04Z,STORE_25
5798daeb-b9d0-4031-a682-18e6c450bdc5,C77641,486.28,2026-03-11T18:31:55Z,STORE_7
0b327f06-9f4a-4e47-8f60-0c2408e6d6a0,C85669,291.52,2026-03-11T19:42:40Z,STORE_38
e1e95fd0-efe2-4de2-a2f0-752c2efef122,C81168,244.83,2026-03-13T06:33:16Z,STORE_23
65ca01ca-6ddd-4872-9f9d-bebc8635b477,C78088,49.28,2026-03-10T23:35:24Z,STORE_48
8d9ef996-19fa-4238-8a10-3ce2d332ee85,C93014,451.87,2026-03-13T02:25:15Z,STORE_9
f3c56704-0e02-46f0-b677-531d49e01af1,C40897,58.2,2026-03-12T01:15:27Z,STORE_31
42a073a1-1564-413f-a205-1e1dc013edc8,C12827,82.78,2026-03-11T00:28:19Z,STORE_17
d565f582-d95e-4d8e-b4d5-e307f28461b7,C34868,154.36,2026-03-14T03:37:19Z,STORE_7
e9d5d68c-16ba-4365-b2fd-0d973a3d3d0a,C53681,252.74,2026-03-13T04:09:06Z,STORE_7
f0c68177-5d13-48a8-a68a-f788f46ef10f,C87446,286.66,2026-03-12T09:54:28Z,STORE_16
162a3044-3b4e-4af1-97a4-0e051862cf45,C18379,-11.34,2026-03-12T05:36:02Z,STORE_34
e0626a1e-182d-42a1-9626-7f802740bc8a,C44340,159.93,2026-03-12T21:02:33Z,STORE_47
7ac692e3-ebbe-440c-b53e-98723e68206c,C63706,-42.77,2026-03-11T07:35:24Z,STORE_39
1ae62ae5-0bed-4410-9718-e627624ed1aa,C43812,367.16,2026-03-14T05:19:23Z,STORE_48
f4fa214b-5b13-4658-87f1-006e24f13f52,C25884,61.11,2026-03-12T02:57:39Z,STORE_34
9461cdeb-5bbd-4e97-8277-3ad51f678e10,C30723,241.57,2026-03-14T02:59:34Z,STORE_32
b3cb796a-53b4-48c1-acd3-ab9e35759615,C28716,50.57,2026-03-15T08:16:16Z,STORE_33
f4377664-d438-4b2f-b0c8-2d9606cfa842,C79488,373.73,2026-03-13T20:54:30Z,STORE_17
2e899c1d-90b8-4f75-aa03-afcba56041c2,C92495,-22.17,2026-03-14T06:53:57Z,STORE_8
45aa62f3-7a3a-41d7-82e4-1e7f9e409c9e,C50616,187.15,2026-03-12T08:32:30Z,STORE_5
0edb7167-8eba-459b-9776-e0e08d8b0c50,C11174,48.58,2026-03-11T08:49:16Z,STORE_24
acdccb12-a582-4d01-bdb4-c0b5b676c625,C32248,138.1,2026-03-13T08:51:37Z,STORE_28
e8c2c84f-9121-4f1d-ad16-4d34823d9739,C17968,216.06,2026-03-13T21:39:11Z,STORE_26
a01dfb7f-66b0-43b1-9dc9-8f61415e2d56,C58416,482.57,2026-03-15T11:42:06Z,STORE_49
79e5f36b-3cb1-4c4d-ba68-c7fa9f5a73ff,C67900,420.43,2026-03-11T06:58:47Z,STORE_4
7136fb0c-9a3d-4929-a55f-a677a79211e7,C93104,404.94,2026-03-11T08:36:56Z,STORE_11
760efbaa-4d8f-498c-aa12-1000e6547ff3,C86591,312.39,2026-03-13T17:50:54Z,STORE_2
79180498-3db5-4944-8ecd-f15527177235,C81523,412.49,2026-03-12T23:29:01Z,STORE_3
ba6b4897-1159-4e1f-a0ac-b88f3754909a,C48830,195.4,2026-03-15T08:52:04Z,STORE_37
fe329581-8b43-4e5d-bab6-cdb11b3de27a,C32983,156.56,2026-03-14T05:30:49Z,STORE_44
25d33931-293b-489c-bf90-2e4575fb1c6b,C69067,85.77,2026-03-14T05:55:39Z,STORE_28
e342cddd-3c06-4cd9-984c-637572ae8ea3,C61832,493.82,2026-03-13T15:10:55Z,STORE_44
795cbae3-4571-4194-9441-0463f71361ff,C81990,427.18,2026-03-15T07:27:25Z,STORE_7
f10bac91-15b3-4cc0-aca2-21ef193922c7,C61620,240.62,2026-03-15T19:08:55Z,STORE_33
090f33bd-1fbb-44d1-9d27-793c591dca68,C14437,176.66,2026-03-15T03:06:40Z,STORE_26
692383a0-3b12-456e-a7b5-6b1c6a3fa9a0,C86745,472.16,2026-03-13T17:50:32Z,STORE_14
57898d9c-8f0c-4cf5-9b5d-456813f92bd3,C77860,366.53,2026-03-14T06:43:23Z,STORE_7
ad5a737b-762b-4905-b182-6487ad186cdf,C79139,158.09,2026-03-11T18:59:18Z,STORE_24
2497816e-ab9b-40ba-84fd-55ad65e1b1f8,C66475,222.39,2026-03-13T04:41:02Z,STORE_24
23b8fd75-9dbe-4a3c-898d-92478ae48706,C47999,378.79,2026-03-15T11:00:46Z,STORE_10
9d9c9ea1-78a5-485f-b16c-18687aef30bb,C75361,117.75,2026-03-12T18:25:49Z,STORE_39
20bf8de3-6f99-4e8e-a3a4-669ae91c7bcc,C71228,140.92,2026-03-11T14:44:56Z,STORE_50
5b5b76da-fb5a-4771-8ebd-4cb44a6b68fe,C42623,243.36,2026-03-15T10:37:56Z,STORE_50
5e4637dd-f1c3-4470-9e3e-71d35c55a60a,C91070,174.41,2026-03-11T13:07:17Z,STORE_14
820cc190-50bc-44a3-991e-2bf6a3af2fc2,C71401,127.36,2026-03-12T20:41:16Z,STORE_28
18ae7169-d6f1-423f-921b-57faf5b71d43,C41877,404.03,2026-03-12T08:17:12Z,STORE_32
f4cc6169-7035-42e6-ad45-99ae22336d6f,C51034,237.28,2026-03-12T21:34:44Z,STORE_35
6627ab43-16e4-4879-a40c-e35c1f7dab13,C49702,137.1,2026-03-12T21:14:14Z,STORE_9
436eeea7-715b-40cc-81ac-277d98962342,C99778,193.27,2026-03-12T21:31:14Z,STORE_14
bda6a895-49a5-4188-b71a-fc85d2059092,C31475,293.66,2026-03-12T07:16:45Z,STORE_1
4ff1a98d-79b4-4cd8-8d7c-30ee41d4a8f7,C64039,261.02,2026-03-15T04:25:34Z,STORE_37
b54cd4a4-8384-4c59-917c-eab66851a2a5,C42615,76.52,2026-03-13T13:50:00Z,STORE_38
4d894d56-508a-4422-9fd7-a00770c6283e,C23296,306.73,2026-03-12T04:29:31Z,STORE_38
cb207de9-90d6-45ea-9fc5-76feb59d93dd,C34004,492.77,2026-03-12T16:15:46Z,STORE_50
1e827b99-858d-4bd3-bb5c-0fb0f0e0d986,C88896,407.73,2026-03-13T05:03:19Z,STORE_36
009e31a1-08e6-409c-b766-8f71e07822de,C78083,393.48,2026-03-12T09:45:35Z,STORE_4
312cead0-8933-4943-b761-648b0cf91844,C64617,319.24,2026-03-15T12:48:39Z,STORE_9
de980666-8c81-467d-aeaf-80efcce74369,C88726,108.08,2026-03-10T20:33:29Z,STORE_10
808e2bd7-235b-4859-83d0-5ceb3b7670e4,C86970,33.21,2026-03-13T09:37:20Z,STORE_50
2076684a-539f-4b7d-9d25-1f8087cb7383,C67460,256.04,2026-03-13T07:25:34Z,STORE_6
a12e0edd-da76-4465-af7e-8ee937fdcb89,C26794,89.86,2026-03-12T13:02:56Z,STORE_43
0fabf4c0-5bef-4f14-a985-99ca41b30f51,C23687,241.05,2026-03-12T08:12:37Z,STORE_6
71e4b10a-3a00-4c34-bfcf-e50eddad4392,C45135,-24.49,2026-03-15T00:03:43Z,STORE_43
758ce8de-8f7f-4f7d-b56c-cc5fd3a7f748,C74656,368.05,2026-03-12T23:55:41Z,STORE_37
833df686-5175-4a94-9170-6134c9b83516,C73294,408.82,2026-03-14T23:30:14Z,STORE_16
95c9ef6c-7b96-4a7d-807e-c9265943c4b4,C41212,122.6,2026-03-11T13:23:33Z,STORE_50
a1d5f3ca-5b18-417b-8cfb-b42cfec11016,C54966,433.47,2026-03-14T20:15:41Z,STORE_31
4ca4045a-c763-455b-addf-fc69271dbc9b,C11427,62.13,2026-03-14T20:47:19Z,STORE_33
f7d95362-32ff-4d01-9cde-816be6e967f6,C84709,84.27,2026-03-14T22:31:32Z,STORE_39
1d6b05c6-b059-4606-ae08-3a5b1442de8e,C82550,131.01,2026-03-12T23:30:34Z,STORE_29
66cae34f-6266-429e-867a-fdb80c19c0cb,C63368,-39.91,2026-03-15T07:08:17Z,STORE_33
0fbc9b31-504c-4771-9328-6d798ba088ae,C65067,229.01,2026-03-13T10:25:25Z,STORE_32
b0853ea9-f584-48f1-a948-a78fdfb686ca,C12106,75.28,2026-03-15T07:19:55Z,STORE_7
a87591ba-840a-4058-a2a6-4ae7accea2f2,C96526,337.13,2026-03-12T11:04:27Z,STORE_5
d911252b-0235-48e3-8105-eb49e724aa56,C44713,489.13,2026-03-11T02:06:38Z,STORE_30
63458db6-dbaf-4265-a02b-fda1a76dfd98,C58422,192.53,2026-03-11T22:22:08Z,STORE_34
db039838-c700-40a7-92ba-c34340a9bb79,C83661,385.28,2026-03-14T19:43:11Z,STORE_46
d0879d24-0ebc-413b-b5d9-a4551c846cdf,C19573,93.93,2026-03-15T05:13:12Z,STORE_21
92b0a5e0-0392-4555-9638-8ff7a8715bd6,C21728,330.83,2026-03-10T20:46:00Z,STORE_48
add19392-cb26-438c-8dc2-46067d75def8,C50795,274.66,2026-03-15T00:30:33Z,STORE_11
3eab825a-e650-4d46-a5ee-e4bc106d45e5,C58503,166.17,2026-03-14T21:00:27Z,STORE_17
0457b90b-b459-4fa5-bcf1-a12582a8fad7,C81368,93.17,2026-03-15T10:46:34Z,STORE_44
03b1f7f1-f211-4fb0-b703-ed9526681e66,C20961,398.97,2026-03-13T16:17:14Z,STORE_10
407a0451-94ea-4fc2-8da3-09f20893fe7e,C45285,11.95,2026-03-13T19:52:55Z,STORE_41
8dc7ea74-91ad-49cc-975c-84bd785b68a9,C62417,233.38,2026-03-14T13:05:08Z,STORE_17
1226a24c-0e2e-499d-911c-dd2e6b549ad6,C60758,467.71,2026-03-10T19:32:26Z,STORE_3
f8067c9e-12b0-40d3-90f6-af9ddb014bb6,C14366,354.16,2026-03-14T04:23:23Z,STORE_46
563bea8b-9695-4029-bd34-abf857717aa1,C52041,136.22,2026-03-14T13:12:17Z,STORE_49
c8a8ce1b-cefb-4c7f-aa9a-b16ced9ede6d,C10046,151.05,2026-03-15T07:59:35Z,STORE_44
7c4e1bfd-53fe-43e4-8f1d-9c7e56552a32,C38614,200.77,2026-03-14T14:15:53Z,STORE_42
642062a7-0c4e-43dd-aa22-6bb41dce6b71,C46896,294.92,2026-03-11T16:19:20Z,STORE_7
32107116-ddf6-4312-b681-543236bebd0e,C31940,144.85,2026-03-12T16:19:56Z,STORE_8
030a09cd-a98c-461f-a18a-cf7611b71035,C44644,370.63,2026-03-11T12:08:20Z,STORE_47
3cb66b55-7ab1-4a8a-a929-c60558075e0a,C18602,174.54,2026-03-12T21:54:26Z,STORE_31
51d09a03-58d9-4f20-b1e7-394082769df8,C44399,156.77,2026-03-14T11:20:07Z,STORE_16
ceded869-ee4e-4d68-8311-b252448f0a8c,C23295,416.65,2026-03-11T15:35:17Z,STORE_24
4beb6559-ce56-4e47-a1bb-6423d49d2d2c,C75269,391.94,2026-03-12T01:23:18Z,STORE_40
2b7792ee-bab1-4a4e-942d-af031b23a7b2,C14746,310.28,2026-03-13T03:25:37Z,STORE_32
3b2212e9-636b-4252-98ad-2674ffbd9d5c,C86332,396.39,2026-03-12T12:37:04Z,STORE_5
c8efd7e8-cd0e-4194-9998-22ac18358a99,C72140,351.59,2026-03-14T07:44:07Z,STORE_15
e0728d76-d007-47cc-82f0-80205e1916fa,C22927,78.07,2026-03-14T07:35:53Z,STORE_34
d1738d1a-e2c8-4ae0-a55c-5e128e1609ec,C49337,473.9,2026-03-12T22:28:27Z,STORE_26
4e0c1526-6956-4ed2-82f8-d3408e33c259,C48187,435.33,2026-03-15T17:31:07Z,STORE_8
5b878671-6538-4736-92de-3896774ce082,C17329,308.36,2026-03-14T00:07:55Z,STORE_41
4d3733ef-491f-41dc-af5b-19c4553fefb8,C93541,160.45,2026-03-11T12:37:21Z,STORE_50
3685c404-022d-4fd8-873f-e4c6915f18ca,C63466,197.82,2026-03-14T21:04:51Z,STORE_24
6e581b71-0e27-4978-8414-c5b595990a01,C93180,224.61,2026-03-12T03:50:32Z,STORE_17
02ea3f3c-264f-4d92-9151-271a63d9bc25,C85762,484.14,2026-03-10T21:52:23Z,STORE_19
f8b827d9-a6e9-4878-bbda-c6527eca8577,C88369,315.94,2026-03-12T02:34:37Z,STORE_26
8afe77a1-6286-4529-b26e-7a410a56a9f4,C40240,281.65,2026-03-13T18:40:25Z,STORE_8
82042a60-f578-4af4-8bba-4798e58607c9,C45228,113.35,2026-03-12T04:07:46Z,STORE_22
45eb617a-7a1c-4897-ab9e-a34eb78b9bed,C41538,12.68,2026-03-14T07:00:24Z,STORE_20
35dd1b3c-fdd8-40b9-8092-7166121c4361,C33991,363.99,2026-03-14T01:19:33Z,STORE_10
96d6c5f4-db12-45f2-ac57-676657e22379,C76782,-16.37,2026-03-15T07:40:35Z,STORE_7
95da4220-22f5-4fd0-8c14-9b5535bc5d1e,C47428,252.16,2026-03-15T04:55:34Z,STORE_5
a85a6f6a-7fc6-4660-afc7-e758b3d28d8f,C75830,111.28,2026-03-15T03:58:39Z,STORE_42
f7e241eb-657d-4eee-b77e-df03c8a7913a,C25829,386.42,2026-03-14T06:56:45Z,STORE_42
3f821db7-b6d5-427f-99c9-0575e2696b57,C15705,338.59,2026-03-13T14:08:57Z,STORE_27
13074c1e-0038-4e4c-846e-0189776ca781,C79239,82.76,2026-03-14T22:18:56Z,STORE_40
c59f5094-8e20-4cd0-a4c5-aefec664926a,C72760,174.98,2026-03-15T14:56:37Z,STORE_38
8a58fa8c-1f9f-40c1-a8cf-534f35771e83,C43697,100.18,2026-03-12T01:43:17Z,STORE_23
c3c4a5c2-3441-4e56-ba5e-2f014a4465ab,C85065,32.15,2026-03-12T22:43:02Z,STORE_22
19bebc06-9cd0-4640-9973-292704239b7d,C80834,396.88,2026-03-12T03:59:56Z,STORE_15
0f85cc6a-5847-41c8-9b51-7e3c65fc3076,C66413,323.1,2026-03-13T01:16:02Z,STORE_19
caf2b7d6-785a-4577-b22b-e4da6ca12690,C82583,139.71,2026-03-10T23:40:32Z,STORE_9
652cd562-4572-472b-b172-307759a5277d,C40162,410.77,2026-03-15T01:07:07Z,STORE_1
a44ef9e7-2bba-4f59-b847-9489e3f7c609,C75478,188.85,2026-03-14T22:47:52Z,STORE_46
6d07c9ab-9fec-4500-bc2c-48b0d41395bc,C82196,17.45,2026-03-13T14:04:09Z,STORE_41
af014527-9367-44ed-beb8-7a8b63c859cb,C49709,434.88,2026-03-13T08:51:26Z,STORE_31
48747b60-cc68-447b-ad0c-3d411cc29915,C35671,453.28,2026-03-14T20:51:44Z,STORE_1
20d04353-778c-4ba8-9cbf-2da8abfd42e6,C10277,289.53,2026-03-12T17:33:29Z,STORE_13
8f7bb017-94da-42c3-a6e3-380021488d10,C82372,30.94,2026-03-14T02:19:46Z,STORE_9
703d2f0d-04e5-4b88-856e-dd635d3370fc,C25937,496.01,2026-03-14T18:50:00Z,STORE_26
cec86d88-a6e0-4612-920a-6c6632430682,C70167,92.53,2026-03-11T04:26:19Z,STORE_5
83956f3d-ebd0-4a28-bdfd-64674f62cddc,C54904,317.83,2026-03-14T20:18:36Z,STORE_44
63d8b99f-5f37-4335-9e6e-030a088373c9,C69141,4.07,2026-03-12T23:00:00Z,STORE_21
87086f78-882f-4961-9a11-506bf1608fac,C35401,181.11,2026-03-13T10:42:01Z,STORE_27
e3bc2987-5184-4fd0-bcfc-20e640f28fd1,C14744,66.51,2026-03-12T12:19:19Z,STORE_24
6f8102e6-e1eb-4f74-8045-ff0182824af3,C33284,488.17,2026-03-13T11:12:07Z,STORE_38
297400e9-aa81-471e-9bfb-c4619af8a7d2,C14521,496.26,2026-03-14T04:20:46Z,STORE_35
f67c3822-61b4-4cf5-b658-f1284e5d2cea,C72338,392.4,2026-03-11T16:02:05Z,STORE_42
64a98bf4-4d83-4b4d-a528-2c2d28a781cb,C63125,62.09,2026-03-15T09:59:34Z,STORE_42
3551e822-5aa7-462e-9138-16c7fba3ec63,C35547,146.22,2026-03-11T21:21:39Z,STORE_16
9d5e6588-8b74-4543-a0d6-8803e58d4017,C79697,-24.03,2026-03-14T08:14:42Z,STORE_40
f4ed9cf8-17a9-46a2-adc7-c201eb7063f2,C84194,486.13,2026-03-14T07:46:48Z,STORE_20
335a3589-b0a6-4b59-b76e-13fd32603dc2,C75703,202.29,2026-03-15T10:42:06Z,STORE_23
3456625c-7541-4321-b3be-970e511522aa,C55756,345.1,2026-03-12T17:18:45Z,STORE_7
c09191ca-67e1-4066-9c6e-7f593a03be64,C28841,26.59,2026-03-15T00:07:41Z,STORE_47
437b2f0a-fa7b-4900-8883-01cffbfbeb3a,C10852,121.57,2026-03-13T21:53:22Z,STORE_41
69cd4500-4d88-43ef-b9fa-2be8bc5a4f41,C38420,53.71,2026-03-11T04:08:16Z,STORE_18
b652bbf6-e1f3-48fd-b4d4-b618550449e9,C67621,95.91,2026-03-13T12:41:46Z,STORE_1
fe41a6af-1604-4ce8-864f-d7e27c4559f1,C38521,58.61,2026-03-13T13:09:23Z,STORE_45
e0ba9f9d-3aba-4a0f-9c8b-9cf3f8afb0b1,C74064,234.05,2026-03-13T22:57:10Z,STORE_29
7590e4b4-94be-4ce7-8f07-5e6d4d639116,C77717,167.71,2026-03-11T03:32:43Z,STORE_36
44bdb115-6508-4813-a3dc-a6cd9a70b550,C72917,491.35,2026-03-12T10:58:10Z,STORE_45
20f359ce-7006-457d-8050-c4b3679855eb,C18208,283.09,2026-03-11T00:28:31Z,STORE_41
17a9a8f3-2058-47e2-a0ab-34e124d45d72,C67217,199.23,2026-03-13T20:21:21Z,STORE_15
73db59b8-5a09-4abe-91ef-d7ff45d6e4d7,C72337,407.82,2026-03-14T07:28:44Z,STORE_28
26206c38-6a65-432a-b5d8-39cc13bfd490,C67749,-34.28,2026-03-13T10:14:52Z,STORE_41
f4f4160f-b758-4b1d-9843-91fe38bbdeb4,C22659,386.78,2026-03-11T15:29:33Z,STORE_28
1d293818-b589-42cc-852d-a4fd34037ce0,C14122,172.23,2026-03-12T20:41:47Z,STORE_13
35364f5a-ded4-4da1-b270-7797a91eb78b,C36420,-40.97,2026-03-14T02:55:43Z,STORE_43
345227d7-8d61-4f20-a949-5f2a4ac1d3b8,C70293,287.86,2026-03-11T02:41:52Z,STORE_11
8deace8a-0f4f-4f08-b4bf-30a902ce6d6a,C40289,75.6,2026-03-14T08:30:46Z,STORE_37
5a8ac081-c145-46e1-a28d-7af2cc97c64e,C24332,382.6,2026-03-15T16:26:44Z,STORE_50
d79f573c-4a71-4952-80af-33eb392a65aa,C69324,455.9,2026-03-13T21:41:02Z,STORE_34
e75057bf-be70-46d0-9fa7-14beda68ce7f,C58541,188.57,2026-03-14T12:33:36Z,STORE_11
77f51616-a2fe-4835-827f-3ca29fab757a,C97429,379.6,2026-03-13T16:59:49Z,STORE_22
89bb2826-21c8-4bf1-b954-cb4aeb042c06,C42001,304.23,2026-03-15T13:19:03Z,STORE_38
2766f2b6-25a0-4e8e-9b55-df8ccd387b34,C95407,454.4,2026-03-15T00:25:04Z,STORE_22
b4245a4f-b41e-406c-935e-c26c4f2d1e76,C76526,33.67,2026-03-14T16:47:00Z,STORE_7
3b40004a-1f94-4075-9ae0-f74fd4745ee2,C85785,70.14,2026-03-11T18:31:20Z,STORE_50
1ed872dc-d20d-4c28-95d8-695762f832c9,C12506,318.48,2026-03-15T17:54:57Z,STORE_48
043d5544-a2a5-43fa-bd44-72355a45d600,C10375,417.63,2026-03-13T09:15:31Z,STORE_17
8e405934-401e-4d4c-9fa5-8bfd9c0633b9,C31758,489.73,2026-03-15T08:10:25Z,STORE_28
3aaf4b58-ac2f-4654-a617-eff761ffec38,C62942,82.2,2026-03-13T11:18:35Z,STORE_34
da6c016a-d5f3-4359-a464-f05f8dfae930,C77753,450.39,2026-03-14T23:30:04Z,STORE_42
d7e8c94e-d8e9-4654-a52b-ac828f163535,C27725,370.64,2026-03-12T01:53:17Z,STORE_10
d73e8209-7773-415b-bd0e-94b99f96269f,C27526,199.75,2026-03-14T03:41:07Z,STORE_3
d00aeeb8-f2ab-46ff-9b40-0224a465b0a4,C17029,243.0,2026-03-11T07:27:14Z,STORE_19
cf46e736-b00a-4bbd-adae-e5372787ea12,C39413,316.15,2026-03-15T18:20:49Z,STORE_2
2e2e5268-5589-488c-8215-04665d496823,C33793,271.22,2026-03-14T09:00:58Z,STORE_28
ce1966ba-6c44-4353-a178-af5ee7cba344,C75109,406.05,2026-03-11T01:49:21Z,STORE_47
01aa8f58-82e6-4a86-9f3e-17befcb214b5,C76388,43.68,2026-03-15T10:37:33Z,STORE_16
6ae8e392-c286-4694-b5f9-0a143d604264,C10716,244.81,2026-03-14T20:51:44Z,STORE_40
8f4fab0a-0a29-466f-8c1c-aeae1f9dba46,C66292,79.13,2026-03-14T13:04:48Z,STORE_27
74718fd8-c159-4950-a01a-366e5b16b57b,C16394,162.03,2026-03-12T18:38:18Z,STORE_6
c243ad23-13f2-4ddd-a8cf-c69c77bb6699,C84811,356.18,2026-03-11T03:25:38Z,STORE_22
6b2c7d5a-1bea-4a5d-b179-0b5ad25aa8a3,C27378,294.42,2026-03-14T22:25:29Z,STORE_12
5bed5575-5f6e-41d7-99e9-4c1713161ef1,C42870,322.33,2026-03-13T06:42:07Z,STORE_4
c1937ed7-5eae-455f-ad44-884642a79ef1,C80180,249.07,2026-03-14T07:35:09Z,STORE_25
3bef062b-9490-4a30-9122-6b467ba27139,C42468,247.29,2026-03-14T16:08:30Z,STORE_24
97cabd8c-ce56-4730-85f7-608bdd6761c0,C29282,-33.39,2026-03-15T11:45:29Z,STORE_9
18ebbd61-a289-4031-b109-2a3dd5d668d4,C49208,25.72,2026-03-15T01:03:02Z,STORE_30
388f7e27-6779-4c5c-940b-2e5c4b56d9d5,C11870,108.27,2026-03-15T01:13:59Z,STORE_7
622de0fd-fe40-435a-b860-df5360798f20,C96673,-21.28,2026-03-15T04:20:06Z,STORE_26
33633a45-07ac-4f70-9f44-cb137555580a,C88526,372.94,2026-03-12T11:10:35Z,STORE_32
1d6ac591-ee2e-468b-957e-ebb4d4f32cd1,C76505,380.25,2026-03-10T23:07:20Z,STORE_13
570505f0-8491-4f1c-a890-385a6af6cb47,C75476,290.11,2026-03-12T09:17:47Z,STORE_14
f1997734-fa86-4674-b2f1-7217c11a5cc2,C45792,259.3,2026-03-12T11:50:12Z,STORE_32
06d7229b-5b4d-44c2-ab2a-8ba2b6b2d90e,C63168,403.97,2026-03-13T02:56:02Z,STORE_37
634e8140-6723-4e29-93bd-92d819ad93ff,C14184,344.9,2026-03-15T09:27:54Z,STORE_2
c329786c-8db7-4d64-a625-564d54810d42,C97238,210.45,2026-03-15T01:33:00Z,STORE_22
c7c4efe0-a782-4dcb-9d76-07ed007986d6,C67545,462.83,2026-03-10T22:50:12Z,STORE_15
20901a4d-5e14-44a3-bacb-44686d9a7fd1,C17558,-23.46,2026-03-11T22:35:09Z,STORE_19
084c7e64-7c76-44ac-a57d-52122311a9c1,C38839,234.08,2026-03-15T03:29:07Z,STORE_28
2aa2955b-e5c7-4407-82ce-60281f0e83c0,C50262,9.12,2026-03-13T13:15:32Z,STORE_29
21b318dc-0552-4637-b1f2-9c0751b39573,C92686,-9.6,2026-03-11T13:49:40Z,STORE_5
9b421335-b7ac-40ad-9932-b0ec2fb3f14a,C81734,37.11,2026-03-14T00:41:02Z,STORE_49
da032762-a188-48fb-8a7a-dee47b553e70,C41335,332.9,2026-03-12T21:04:35Z,STORE_30
423f7fa3-47fc-4373-b653-7410d2c61c6d,C94363,377.86,2026-03-13T06:11:12Z,STORE_7
c1efdb60-012c-48b5-b9d9-528d689e2729,C64659,117.12,2026-03-11T20:18:49Z,STORE_29
dd49715a-cccc-4cc0-83dc-6f7786c2fe96,C30388,188.87,2026-03-12T17:11:06Z,STORE_21
2b5ceb5d-c168-48ce-bdb1-947391e4b8a0,C71496,438.75,2026-03-13T15:22:01Z,STORE_3
6342d835-ee71-4446-b805-c7851cd24dd9,C31956,183.85,2026-03-13T04:44:58Z,STORE_47
07625125-7816-4715-946a-2b46608c03d0,C37161,179.36,2026-03-13T04:27:44Z,STORE_35
1d11b9dd-ee81-47f1-beff-2863593231fb,C66366,143.4,2026-03-14T19:37:14Z,STORE_12
8d78c33d-3042-43fc-a1f3-e432d13f97d2,C39954,419.17,2026-03-12T09:51:30Z,STORE_4
b4cd7fbc-4f88-40a4-bf85-f0d488070016,C88204,8.01,2026-03-11T17:47:35Z,STORE_17
89227d0a-2eea-4191-9a2a-aabcbbf80bff,C35365,247.3,2026-03-15T14:30:34Z,STORE_49
306de82f-a6bb-4461-b9c1-23dcd93ba33b,C59360,25.67,2026-03-13T08:56:27Z,STORE_38
41e481dd-1f50-407c-98de-468ebc9fd2b9,C37799,384.64,2026-03-11T09:04:15Z,STORE_4
ecc6e930-6cde-4acb-8a32-bcf70a0655da,C59416,474.22,2026-03-11T05:33:51Z,STORE_37
65e822e0-13bd-47c5-8548-e71080477c2e,C90768,155.4,2026-03-14T18:39:33Z,STORE_46
2989a1e5-dae5-4706-b5f7-0af269e4a204,C13794,325.78,2026-03-11T12:37:23Z,STORE_44
33f5c95b-c961-4a55-8b8b-4badaed30647,C56626,193.04,2026-03-11T12:25:18Z,STORE_42
4c860680-67a5-4cdf-a4f1-ab408c9db79c,C95748,339.0,2026-03-15T05:03:55Z,STORE_33
20f41172-c0dd-48f5-a249-8bcc72372c07,C63749,-47.62,2026-03-12T13:21:22Z,STORE_9
7c98a90c-ef4a-43ab-964a-d614fb70c03d,C50716,489.98,2026-03-15T10:19:49Z,STORE_45
7dee8caf-1932-4369-a374-9e97a54c3f31,C53504,101.3,2026-03-15T03:58:33Z,STORE_25
9b41e345-11d5-4f2b-9843-ecdeabc6545a,C97549,298.91,2026-03-11T04:06:28Z,STORE_47
92f20d0d-7aa6-4d4e-a6f0-5d646d791eaa,C42572,217.07,2026-03-13T02:37:15Z,STORE_47
6a1c4977-a7f8-4a9f-bd92-2306fe4fd323,C53760,350.59,2026-03-10T19:44:57Z,STORE_45
44d40f1a-f157-4405-acda-fd1aba929247,C20206,265.18,2026-03-11T15:46:45Z,STORE_28
bf3f7c6e-6221-4a06-8e82-d30521abb89c,C79872,-0.3,2026-03-13T23:56:13Z,STORE_12
aa6c2a65-9c6a-4c17-8e94-24f4ef4b55ed,C34901,262.89,2026-03-14T20:46:21Z,STORE_26
b561abe5-538c-4af2-9da0-711ddfa5ed44,C40096,-2.87,2026-03-14T09:31:51Z,STORE_4
703b4d96-26f5-41d3-8995-d275d59d6cf3,C35383,194.24,2026-03-12T05:37:52Z,STORE_22
e530d365-752f-4483-80e9-cc98954f11fb,C64641,119.45,2026-03-12T10:33:27Z,STORE_15
11969fe0-00b6-4e03-903c-8c440991f647,C88941,423.07,2026-03-12T08:08:26Z,STORE_19
6d8c4fe3-b77b-440b-b2d0-71a526365ad0,C65439,106.27,2026-03-12T13:43:22Z,STORE_20
1bf6b827-38d6-49d0-b953-733b0551c93b,C73501,281.58,2026-03-14T14:48:32Z,STORE_48
c2693b62-39ee-43ff-85d1-2dc36f31c845,C68542,237.46,2026-03-14T13:45:51Z,STORE_46
05ab415d-8dea-41fb-bf03-2a8954891d16,C97464,339.29,2026-03-12T19:26:43Z,STORE_30
1a6da8c8-bb05-4787-bf2a-a3ab318bff89,C52057,-25.01,2026-03-14T02:13:29Z,STORE_20
c6a26f43-2b32-4e19-a108-bf6c3badf175,C35018,140.27,2026-03-15T11:21:18Z,STORE_16
571b95b6-446d-48a2-9241-64c5764bf8e6,C70088,76.46,2026-03-14T15:54:03Z,STORE_50
781a1478-be00-4520-a682-cd141959c8f9,C47490,311.97,2026-03-13T15:09:59Z,STORE_34
9175946e-390e-4d5e-817f-3e9d7fbdd163,C47595,-2.6,2026-03-14T21:26:10Z,STORE_13
4a7d1195-96ac-4a73-a9fd-b67ebdd1a9f5,C60571,73.85,2026-03-15T03:44:16Z,STORE_15
6daeff03-9aae-463e-ba4f-513c7f44df1d,C83657,218.45,2026-03-12T01:13:46Z,STORE_46
1bb222d1-69c9-4ffd-8230-e201e0a8793b,C84431,194.39,2026-03-11T06:22:03Z,STORE_17
29955696-b35b-4ca0-bf0a-495b4dd59403,C47913,89.75,2026-03-13T22:55:56Z,STORE_15
e698e78b-6d74-46f7-a50d-ace10780a550,C89769,246.23,2026-03-14T15:00:59Z,STORE_44
fa04769e-c445-4ef4-9cf0-abf35466d000,C14141,434.88,2026-03-11T17:35:51Z,STORE_11
e67afa78-367d-441a-9adc-1a11b010cbed,C20921,336.96,2026-03-13T18:25:50Z,STORE_24
0e05a7b8-6afc-45af-8e74-8f3fd60a1de7,C50031,453.28,2026-03-13T05:25:01Z,STORE_5
cf6fd822-37a1-436f-af8f-3781fd69f3d5,C86167,484.14,2026-03-12T04:13:39Z,STORE_36
dd2d1fd7-b8e9-4053-8815-d65f3615745d,C28628,498.77,2026-03-12T04:11:07Z,STORE_19
006a9f85-a5e9-46f8-bcd9-bf70f8404a78,C38408,21.42,2026-03-12T09:49:56Z,STORE_13
f79a5369-b991-408f-9291-4376482e5f13,C67386,-44.85,2026-03-12T13:42:45Z,STORE_17
28f97b53-e0b7-4ee9-992d-10cc3c49393c,C15178,33.67,2026-03-15T03:53:57Z,STORE_15
b5568442-ebee-45bd-8923-2389f5977467,C33216,-3.93,2026-03-14T17:07:25Z,STORE_9
74138e98-3574-41f1-9ace-8f9cfc12fa51,C57074,320.51,2026-03-11T19:25:01Z,STORE_48
51036ba8-ec7c-45e4-a9aa-66fc25719823,C35617,78.01,2026-03-13T21:52:41Z,STORE_12
9f4a763e-9ba0-46f4-8659-c3348bf7b98f,C90289,214.55,2026-03-11T02:08:53Z,STORE_1
893308e4-6e2b-4bbb-a994-63bfe9c04883,C60471,54.72,2026-03-15T02:31:50Z,STORE_49
8c3f5ea1-badd-4cfb-8de2-3554d21ad4f4,C80161,224.87,2026-03-14T01:56:17Z,STORE_45
0d30d8b2-f5c6-43ac-a08d-781f3b3c931c,C50350,249.82,2026-03-13T07:27:20Z,STORE_50
538bfad0-0a61-4529-aa0f-cf69dca8990f,C30857,73.36,2026-03-13T15:24:13Z,STORE_22
f79614fb-6a2a-41a9-b410-bfdfea679f5f,C89585,281.35,2026-03-13T00:19:43Z,STORE_49
7d65b7cc-9f0a-4ae3-ac28-6fe3cfa06b63,C41270,-5.21,2026-03-11T03:55:37Z,STORE_11
6813b991-807c-45b9-ae99-8bc2a6032ee1,C39739,444.86,2026-03-11T13:19:59Z,STORE_13
92f58b0e-1222-44e5-a91d-4e8606e246a0,C37327,57.59,2026-03-15T05:22:27Z,STORE_44
102022a9-9af7-471e-8784-b03e64f04918,C72002,39.27,2026-03-14T01:23:15Z,STORE_38
40fb9cec-51b5-434e-a682-a7a283310beb,C85137,467.48,2026-03-10T22:45:17Z,STORE_24
47a76669-7cfb-4616-85ef-392afacf9b38,C48476,75.29,2026-03-13T10:17:26Z,STORE_12
a5334c16-1fd5-48b5-a077-1cec73c5c251,C70626,-29.38,2026-03-11T03:38:56Z,STORE_3
f757c58c-d489-4e0b-8783-4590890106fd,C27317,482.66,2026-03-14T16:10:53Z,STORE_2
07120c7e-486b-4fec-b93c-24e119be6106,C67406,323.89,2026-03-11T10:37:25Z,STORE_23
1088f707-dfaf-4247-b2d8-b4409f545d7d,C78666,195.71,2026-03-15T10:16:51Z,STORE_43
a5547636-cd2d-4abc-a841-3ee858f3392c,C79753,64.28,2026-03-13T01:47:58Z,STORE_4
74ea75ab-b2a2-409e-9aa0-ad4b392eb986,C17421,284.84,2026-03-13T23:36:27Z,STORE_16
2da33720-4c59-4cfb-acdc-e597f5c32008,C66505,94.51,2026-03-14T03:51:18Z,STORE_1
979a7422-5c68-49a8-8a77-d7f41103c53e,C10305,185.11,2026-03-12T23:12:05Z,STORE_50
4c69839b-8ede-46e9-bee1-3491c6e50fa5,C34461,253.86,2026-03-11T13:41:29Z,STORE_23
de3070b5-351c-44ac-844b-a8c935cab2ad,C32762,479.45,2026-03-15T15:40:43Z,STORE_10
38fb556d-afc9-4315-a622-1b7c4bad6afe,C83311,414.74,2026-03-14T05:45:07Z,STORE_21
d85c093c-d20c-404a-880b-535ca0338da6,C36261,300.38,2026-03-12T12:04:09Z,STORE_24
74a0cb2c-3853-4237-b75a-4c647ace4518,C67273,490.27,2026-03-13T11:47:04Z,STORE_41
bb3b9279-d116-4e40-a426-60c3787000fd,C55864,418.54,2026-03-11T01:23:22Z,STORE_10
2850f2e4-2000-4043-8d98-a85feed9c9e2,C39842,330.41,2026-03-14T21:39:13Z,STORE_10
163bdaaa-fb70-4913-b615-db2e2f8e2a10,C97299,399.01,2026-03-14T00:03:10Z,STORE_33
2f86f0d9-cee9-431a-8d62-c75741a1561a,C81211,355.54,2026-03-11T13:09:16Z,STORE_35
6aebebde-4399-447d-9dd0-728f5adb8f3d,C38930,214.17,2026-03-12T20:43:58Z,STORE_33
d8079599-e8db-4f4c-b1c1-e3b927374a09,C65995,346.91,2026-03-11T04:57:25Z,STORE_25
1330d474-e735-4e6e-9b92-e0fe0dd80a9f,C86796,423.02,2026-03-12T18:10:21Z,STORE_23
a10e62eb-bf51-41b3-8e8e-9fc881d899f5,C84674,366.93,2026-03-14T12:14:01Z,STORE_48
481c6445-2c6b-4787-a618-95bd027ff371,C60351,452.47,2026-03-13T17:17:13Z,STORE_33
44036cd6-6f99-4622-8397-f9a394de7e2b,C73385,-5.77,2026-03-15T11:35:46Z,STORE_18
8392a38f-4f97-4705-a732-cc068d69821c,C30382,3.8,2026-03-11T10:48:47Z,STORE_34
c9c0534e-faa0-4614-8617-db0379106bd3,C73918,11.07,2026-03-13T19:15:04Z,STORE_38
44f22c79-0e94-4c05-a175-99d265db105d,C98044,12.36,2026-03-11T20:44:11Z,STORE_46
99924ad6-90fc-4e47-8f80-58c51df5c27e,C51579,-14.69,2026-03-14T21:48:19Z,STORE_5
0628c0a2-e461-42de-80f5-eb8f1e5c5dbc,C87128,109.69,2026-03-15T12:32:17Z,STORE_25
5d129947-7030-4754-82f2-ec40732773f8,C11146,223.55,2026-03-15T09:58:23Z,STORE_26
d189fe61-c0ee-4ac6-8381-168e83cf5de5,C25290,497.1,2026-03-11T18:13:03Z,STORE_14
4ed426a4-c566-4490-a5d9-ba676a058de4,C40291,102.01,2026-03-15T11:47:48Z,STORE_44
90611de0-9e87-48e6-b0b0-7225e92e18e7,C71565,492.27,2026-03-14T19:19:07Z,STORE_19
df54aac8-f3bd-400f-a2c8-33772511790b,C51763,80.07,2026-03-15T01:25:55Z,STORE_22
77ac4e75-3eba-456e-84a3-3879b61ad677,C44058,42.36,2026-03-11T03:16:06Z,STORE_26
b3fafb6e-de45-496d-854d-98d1203d90d7,C76060,-15.25,2026-03-12T17:02:06Z,STORE_12
bd5e1cd8-412d-4070-8fb4-de4f3fffb669,C76143,250.66,2026-03-14T07:17:34Z,STORE_33
c3cc904e-974a-42ba-91fc-239fe71fd84c,C82390,250.91,2026-03-11T04:55:01Z,STORE_18
6d9e8d79-d7b2-44ea-b1fc-08ebe43d34c8,C88944,374.04,2026-03-15T03:32:50Z,STORE_33
1d51bbc4-6cf6-4d9e-a767-af219608e093,C34146,209.94,2026-03-11T12:14:08Z,STORE_16
f1de9366-5cfd-48f4-bfad-3f2ab5ae079d,C26189,221.66,2026-03-15T16:20:32Z,STORE_3
a0e3313f-5071-4e15-9a85-fb1b83795004,C40856,389.34,2026-03-10T20:27:48Z,STORE_25
01383ba2-0960-4c65-89ea-3cda608601d4,C71056,215.25,2026-03-13T13:46:19Z,STORE_34
735aa148-894f-4f79-b406-9965149d7f5c,C34873,313.41,2026-03-12T18:22:54Z,STORE_22
2a5df3b6-5ecd-41c4-8234-0c15d1a900a1,C76091,-44.58,2026-03-15T14:54:02Z,STORE_49
4a074ac6-6e6f-4121-8595-62268e5649fe,C23172,252.79,2026-03-11T02:18:11Z,STORE_36
f084da5e-0435-4a23-9449-cbdd9e672a01,C82271,205.82,2026-03-11T07:06:16Z,STORE_18
e7bebd36-18e9-4ea8-9bdc-c5b3f5df87da,C89811,-15.03,2026-03-13T12:42:16Z,STORE_4
2493db65-c37b-4e00-91db-2fc2a9d686e4,C93870,496.73,2026-03-11T11:50:40Z,STORE_15
24edf6ff-3a51-4d2d-afb8-b76aeea3785b,C36580,133.02,2026-03-15T00:50:25Z,STORE_26
2a9b1c3d-7045-45a2-ba2a-a6a65591c438,C78318,149.98,2026-03-11T10:55:50Z,STORE_40
e59e19b3-8731-4db9-a2e5-edaf8840019a,C89218,232.06,2026-03-12T09:51:06Z,STORE_22
9f63184a-d168-4651-9bd5-a90513d2e41a,C83323,-14.12,2026-03-13T00:34:37Z,STORE_19
246db6a3-933d-4832-9c39-ba3b59b8e876,C59267,140.82,2026-03-15T16:59:55Z,STORE_36
3e63699a-753e-4bfa-9f4b-dfb7e08dbf40,C91270,280.73,2026-03-11T14:28:25Z,STORE_48
6711331d-6dcf-42b0-86d5-b08bed0154ed,C16500,159.34,2026-03-14T17:55:17Z,STORE_4
7ac003e1-7f6a-407e-addc-27690d0de40e,C66175,146.76,2026-03-12T08:21:26Z,STORE_16
c5f9ed7d-bb1b-48da-b98b-b1def2bde48a,C88143,130.66,2026-03-12T23:58:58Z,STORE_6
5275ca1b-41bd-4c2d-ae96-d1a64ad7b444,C26842,60.42,2026-03-13T04:32:31Z,STORE_2
ab36f641-41fc-4d76-a156-abd8c0a04e56,C71337,208.32,2026-03-13T20:13:33Z,STORE_47
2c86d58e-9623-4856-b58b-343531be5bcb,C77723,351.54,2026-03-13T23:34:45Z,STORE_11
cb693bf6-1720-4cd9-bb4b-0d99cae960d8,C94908,77.99,2026-03-11T08:30:04Z,STORE_28
9dc873c0-21e0-4b03-9240-ba3ddda8537f,C83261,91.58,2026-03-12T06:11:15Z,STORE_14
adf36af2-9e4b-43c7-98e8-29384dab7c1a,C19876,311.34,2026-03-15T18:08:27Z,STORE_36
e6e69cb2-f061-42ad-accd-8174626a3765,C50417,170.69,2026-03-13T02:03:13Z,STORE_10
b7c851c2-a152-433d-aba0-21f429218e23,C99148,312.78,2026-03-15T11:05:15Z,STORE_48
8421b67b-293d-4eda-b0bc-db02558855af,C36951,326.41,2026-03-11T02:10:58Z,STORE_32
b4b4664a-2ef9-4760-8949-6b49ee69b2be,C53353,268.7,2026-03-12T14:03:39Z,STORE_3
f4921c6b-0de5-43e1-b78c-59741f37d954,C89483,356.36,2026-03-15T06:36:42Z,STORE_40
2d4a3e97-cd8d-4924-b163-07b8614bdab1,C71956,33.83,2026-03-13T06:23:56Z,STORE_19
8abe721b-d39e-4440-a224-b4c8a5988d59,C41747,467.3,2026-03-11T23:23:15Z,STORE_13
d10d74c1-b197-4509-8ef8-d0891ede7487,C13743,295.29,2026-03-14T04:08:56Z,STORE_38
97ca068d-fd8d-4ea7-9530-c24fd575551a,C75110,35.36,2026-03-12T03:51:01Z,STORE_48
8985c227-2cdb-47c9-8a38-7d48080d927f,C16862,-5.64,2026-03-14T01:23:03Z,STORE_41
6b4bb45a-4946-441b-997f-1392470af456,C19418,403.95,2026-03-12T21:02:08Z,STORE_18
3bdbff60-75eb-4f81-9f38-f3ecafddb226,C47155,313.83,2026-03-12T08:48:33Z,STORE_44
43691ad7-3f5e-4c82-bb40-a0ead643a3f7,C57367,110.9,2026-03-13T19:32:14Z,STORE_31
5d13c51d-db39-4394-8908-2c9cff413820,C27786,312.69,2026-03-12T16:51:42Z,STORE_37
21ea9329-ba79-4dcc-91bc-5447b51d04b8,C69976,386.88,2026-03-12T15:16:06Z,STORE_23
3a7ba8df-cf93-4eb2-a3bf-2dd394a287c4,C95495,35.29,2026-03-12T15:20:51Z,STORE_24
ada8f916-7891-4e95-9aa7-73d5dffbf994,C93524,404.55,2026-03-12T06:29:58Z,STORE_12
33762204-7550-497a-b6ee-441d8ca3755a,C17832,59.08,2026-03-11T01:16:42Z,STORE_2
94317710-15a5-4570-8133-b85ed6182e83,C32190,454.36,2026-03-10T21:53:19Z,STORE_27
f9f2e6d0-531f-4ab8-8740-caa500690f94,C59345,476.03,2026-03-12T15:00:00Z,STORE_12
c94cf640-a047-43f1-aaec-0affae97dcd7,C81544,397.08,2026-03-15T07:36:43Z,STORE_46
ddfa8d96-8ec7-4cda-9d1b-5207d1224ed3,C58616,31.85,2026-03-15T05:33:43Z,STORE_11
fd84eb39-65d9-4d2f-93da-995ee263517d,C66151,325.99,2026-03-13T19:39:45Z,STORE_36
1978f81a-9a24-4546-b52a-29aad976ac02,C55063,98.46,2026-03-12T14:48:48Z,STORE_37
236fb6b0-1070-4a42-ad23-25e8433bb890,C78228,423.55,2026-03-15T18:08:26Z,STORE_15
6542b14b-edf3-44bb-a7f5-db76d060a294,C98233,-29.1,2026-03-13T15:08:49Z,STORE_36
206fa404-31da-4460-a3b8-437baee3e87e,C96046,398.45,2026-03-14T17:26:55Z,STORE_48
b569cab8-2d3d-4f7e-99bb-ad2bb6812ed2,C98526,18.77,2026-03-11T02:28:08Z,STORE_38
53ce6591-3f4a-4ad4-a638-6da3acf04a19,C53381,477.7,2026-03-15T00:09:25Z,STORE_48
dbcbeca7-b32d-4a04-9922-1815151e5385,C29761,147.21,2026-03-14T20:31:43Z,STORE_36
12b53c75-c499-4c63-8864-64ffc48c2366,C44500,6.27,2026-03-12T11:03:28Z,STORE_33
99fd7fd0-21bf-4bfa-aaae-686316a40518,C15222,336.97,2026-03-12T18:26:54Z,STORE_44
dca6a872-d2e1-4dc7-9663-e2da3fa91b72,C99914,311.67,2026-03-13T02:57:49Z,STORE_46
f6e6e5be-0aeb-41a0-848a-89edfd3f33a2,C83833,273.38,2026-03-15T08:37:24Z,STORE_11
f281c7e1-b3dc-41d0-8908-1625906c1659,C36426,86.82,2026-03-15T10:43:06Z,STORE_47
7922726a-706e-4d97-b6ca-1873746dae3d,C39640,68.51,2026-03-12T08:32:40Z,STORE_11
e3d07d67-2f91-4767-90cd-ae84945df744,C50757,106.9,2026-03-11T01:34:08Z,STORE_10
d0abe86a-8afb-4b52-a7a3-73f69f393880,C98398,486.02,2026-03-12T05:10:10Z,STORE_23
da905b5a-e654-4e99-ad2e-dfd03f2e4578,C73218,353.1,2026-03-13T03:56:36Z,STORE_38
203c61aa-f7c6-42bc-a38f-7e9a0b692c82,C43611,326.97,2026-03-14T06:02:01Z,STORE_10
5d210904-c6a3-410a-85e9-8f10720ae5d6,C44369,478.45,2026-03-10T20:07:55Z,STORE_39
2fefc1c0-70d4-43d0-a286-8d13f56e01d0,C38217,258.27,2026-03-12T18:19:30Z,STORE_41
31e88ab5-5085-468b-9d35-91d1f6b57ad7,C67936,298.08,2026-03-14T10:21:35Z,STORE_50
a8648929-22c1-40ba-8f48-c691b258c1e9,C29563,200.65,2026-03-14T18:29:21Z,STORE_36
74c187ba-759f-4dce-a585-baa1a5f1d1fb,C14167,354.45,2026-03-13T08:27:58Z,STORE_29
8cd77b69-37ef-4d85-9a9b-087a30d24bd5,C13390,-27.63,2026-03-13T11:56:22Z,STORE_9
d1cb9c8d-04b0-41c1-b066-9584f03137ec,C74147,414.83,2026-03-10T21:01:14Z,STORE_12
1d2c4a88-59cf-4fc4-8dff-c5a8bf890871,C17361,34.31,2026-03-12T09:36:34Z,STORE_49
8c357851-3cce-48b4-9176-ec812ceb4e9f,C52542,234.45,2026-03-12T09:14:30Z,STORE_38
73ffbe2b-9b16-4398-85fc-ddc4041b830e,C11685,286.13,2026-03-13T09:35:47Z,STORE_36
f7183dfa-18f9-4a44-86e6-def7ff98849d,C39708,448.44,2026-03-14T15:45:54Z,STORE_44
efc28b30-c90c-4a9a-b332-47001d4b13e8,C60626,482.25,2026-03-12T17:10:20Z,STORE_26
e70dc42f-af08-480f-82e2-729b44a60f1a,C13333,427.69,2026-03-11T23:18:49Z,STORE_1
31b4a39d-941f-42b5-bece-a560e33a7c47,C86502,387.87,2026-03-14T09:38:58Z,STORE_4
6c3c4f48-e8c2-49b0-a4ea-0189f3374f63,C31483,214.38,2026-03-13T16:12:31Z,STORE_48
47f699f3-7431-4618-9246-cf76ac9edaa0,C79332,431.1,2026-03-12T03:28:37Z,STORE_10
58cb8326-652c-47f2-b8d4-eb193bc07ff9,C73514,320.69,2026-03-11T21:24:12Z,STORE_47
1aacf07b-a8b6-42ba-a4d4-3f6d2883d40d,C36502,-11.51,2026-03-13T06:21:34Z,STORE_38
eb6e0562-fd54-4403-a022-67d8e56cf949,C62792,6.43,2026-03-11T17:12:07Z,STORE_30
3d47ad09-4d81-4aab-8c07-0e68ef4babd4,C83315,14.86,2026-03-15T10:53:49Z,STORE_27
bd8c5547-9281-48a9-9413-0532346f20a7,C37691,427.06,2026-03-15T04:48:49Z,STORE_13
2234fc14-bc45-406d-aaa1-5870fc80efeb,C58472,404.15,2026-03-12T13:24:07Z,STORE_26
1c6d8e36-1746-4a84-bd5f-a5915136d743,C90136,194.21,2026-03-14T16:23:22Z,STORE_22
6ccfa688-32b8-4c28-8ba8-75f4b172c848,C72252,166.13,2026-03-14T23:42:03Z,STORE_13
b4a95061-de7d-48dc-940a-e6f7c6be6ebf,C85029,281.17,2026-03-11T05:46:07Z,STORE_27
ddc75021-6c70-4fbd-9f3a-d800424f2c80,C56280,77.33,2026-03-15T18:02:36Z,STORE_29
173ec47d-56d1-42f0-9c25-ec808d9c4f18,C24115,38.49,2026-03-14T17:28:55Z,STORE_28
bc0a28aa-a1ca-41c7-a09f-11f812c8a103,C74833,128.81,2026-03-13T21:55:00Z,STORE_13
22b20ff3-6776-4cc5-a0d1-bdef698bd08d,C49080,329.22,2026-03-13T15:48:06Z,STORE_22
844e8bd1-6f80-4538-b189-85d9f4920b6b,C81598,329.32,2026-03-11T10:09:18Z,STORE_7
357e9429-dccb-456e-a14c-1453c9888b81,C62464,-32.8,2026-03-11T06:38:45Z,STORE_15
4bea9ca9-a573-4b64-925d-3a35034ade82,C45884,111.31,2026-03-11T01:28:25Z,STORE_36
72f14494-f5e3-492e-993a-f9f4476f1c6d,C26909,431.1,2026-03-14T20:53:46Z,STORE_20
dedb9b5f-b9c5-47ce-8cfe-5dbcd628fd85,C72016,53.43,2026-03-13T19:04:12Z,STORE_43
1459f8e3-d636-493c-ad28-e34ee58b7f2b,C12712,231.52,2026-03-10T23:48:49Z,STORE_19
baa86f5a-18f9-46b8-81a2-293d8f2fa688,C13964,167.94,2026-03-11T11:24:20Z,STORE_37
2efecd1b-371d-480c-831b-efc4f9a59eff,C48721,465.33,2026-03-12T02:44:19Z,STORE_38
399abca6-36f1-4b78-8909-8639b29f54d9,C46033,-6.01,2026-03-15T08:18:15Z,STORE_24
776740da-7e4b-4a12-aa1c-1d7622a3821a,C80760,489.19,2026-03-11T10:21:50Z,STORE_48
39bfc774-e175-4818-a6c3-a2d76d561971,C57708,52.01,2026-03-14T00:10:02Z,STORE_21
957a5663-8e9f-4a10-a336-ffb3a5e989a7,C56922,424.87,2026-03-12T08:01:18Z,STORE_3
ab676381-f3b3-4460-9a7a-a3ff8c00940b,C13065,197.55,2026-03-12T07:36:13Z,STORE_46
ff64e327-40d5-4614-b5f1-be8c28ecc333,C75274,9.65,2026-03-15T04:36:41Z,STORE_21
98d9faa9-b7e0-4dcf-814b-e8cc0f7157be,C97430,253.91,2026-03-11T06:04:25Z,STORE_30
94d8b810-9da7-4329-a2c1-e54d317651de,C77439,200.24,2026-03-15T02:03:33Z,STORE_6
fb69d644-dddd-4e18-b440-b31e233b1af9,C85174,74.59,2026-03-12T00:12:22Z,STORE_43
066633ed-c284-4426-bb33-3b35a5d5ac11,C84030,162.27,2026-03-12T00:29:46Z,STORE_27
827b95db-917e-4cce-b9ab-7823d7d31800,C65884,85.22,2026-03-15T19:08:56Z,STORE_49
125a76de-d28d-45ab-b8ee-2e356780700f,C79492,428.63,2026-03-13T21:16:58Z,STORE_20
c610ebf0-a9a1-4742-a126-d2600436d860,C19691,-42.97,2026-03-11T06:41:05Z,STORE_35
1c7aab30-f9be-4d1d-89a8-4b9f2a809b40,C91725,-18.57,2026-03-11T12:45:26Z,STORE_27
cd2815e9-b1e4-4782-a315-2a24c851c2a1,C33759,41.63,2026-03-14T01:49:24Z,STORE_41
a22f9f40-6c0c-45a4-ad4c-3df731013d42,C55863,494.82,2026-03-12T03:59:32Z,STORE_1
74b6fd22-a3fa-48d1-a134-8abb2e2cf29e,C75884,191.36,2026-03-13T16:18:16Z,STORE_38
a2924bb7-f863-42b6-8d69-3d5572bf6504,C41647,383.62,2026-03-13T04:48:25Z,STORE_2
ba1e7f0c-ff30-4423-a428-c99b5d939453,C97697,109.82,2026-03-12T01:45:02Z,STORE_40
da2eef15-91df-42f0-bef3-28f6def98d77,C35399,250.53,2026-03-14T00:02:32Z,STORE_46
b5e5d627-a13c-431b-8386-9318bbaf262a,C43070,12.4,2026-03-14T08:00:44Z,STORE_9
e9f12e44-7fbd-47ce-a99b-fa3fd949f9de,C96544,458.88,2026-03-12T04:50:40Z,STORE_34
8f568eca-1392-48f4-9ddc-0da9a9b92209,C75027,390.75,2026-03-14T08:35:52Z,STORE_16
27930eb3-4151-4c7b-8a53-c4302218a980,C43426,-32.12,2026-03-15T01:04:30Z,STORE_35
e9c1b838-a5c6-45ef-bf49-5e2f73a8b285,C40391,325.73,2026-03-13T21:37:15Z,STORE_45
5615b449-ae53-4d67-9b55-c260403e8567,C31775,57.57,2026-03-12T16:09:33Z,STORE_46
f9f52b93-7133-4d69-aa54-0fa07545f983,C94242,-22.48,2026-03-11T07:49:50Z,STORE_24
52f6a632-3c04-4ce2-bf71-b669a2b74e4a,C94485,497.07,2026-03-11T19:40:56Z,STORE_23
48afda32-55bb-454e-860a-03849a98bc28,C31928,107.8,2026-03-15T06:33:57Z,STORE_47
eff17d9b-e5c8-4d94-a258-31a60841c415,C13877,348.43,2026-03-11T21:39:14Z,STORE_34
def0080a-8862-4eb5-93a5-b70abd0ef840,C65994,280.12,2026-03-14T10:10:39Z,STORE_47
0cdff582-f263-47ea-83e0-f96f8dc6efbf,C48508,410.16,2026-03-12T00:31:49Z,STORE_16
7aed7374-e2d5-43a6-948d-a2d27039a5ea,C77533,12.07,2026-03-12T23:31:47Z,STORE_11
7aa209b2-00f3-4072-b882-020475008ec9,C29831,200.06,2026-03-15T06:54:19Z,STORE_9
9a22dde0-1b24-47c6-9df0-294e9c09c64a,C69725,102.35,2026-03-10T21:31:07Z,STORE_21
3d1e8a0d-70d3-4814-851d-344820e34907,C76862,23.73,2026-03-13T23:41:59Z,STORE_21
fdf78dec-599a-4552-b8fa-aa5a2a09f6fe,C73373,110.65,2026-03-12T19:08:49Z,STORE_7
a4360fa2-ad59-4506-ad5c-9abf6c5ac016,C58176,144.31,2026-03-15T00:54:11Z,STORE_21
c1fbcbe4-ac17-40e8-b7eb-402f74365a07,C62972,27.37,2026-03-13T01:14:00Z,STORE_23
cb6a69db-b386-476f-9a4d-e63389ab34eb,C26173,456.99,2026-03-13T05:00:59Z,STORE_43
ee1278ff-7416-4f11-be7d-3b26c2c860dc,C58980,272.71,2026-03-15T08:12:22Z,STORE_31
6d469c22-d17e-4c06-b332-50a1d53eaaa7,C15809,237.0,2026-03-14T11:05:49Z,STORE_42
00b51781-cce5-46d1-8eee-4a6b4a19ddca,C66306,326.94,2026-03-12T21:13:12Z,STORE_24
2149be62-4208-442e-bf0e-98b37c9a4945,C70761,315.54,2026-03-13T21:14:36Z,STORE_21
c2fbb584-3d79-49be-92a0-3ba35f5daf78,C74221,391.49,2026-03-13T10:48:17Z,STORE_37
9d9de8cc-ef96-4f5a-bf36-6f33a8568a34,C25887,406.84,2026-03-12T20:39:51Z,STORE_5
72267032-09e6-409d-88f9-28d7ed6b559e,C63090,54.53,2026-03-12T11:40:57Z,STORE_29
ff5a62dc-2543-4149-a1fd-15153fdc70b9,C51875,1.57,2026-03-11T19:13:26Z,STORE_38
2057761b-d962-4572-9882-75b418103f2c,C89388,305.91,2026-03-13T17:34:34Z,STORE_14
8f3dd292-e705-40ec-b707-98f60c5be0b8,C20658,303.63,2026-03-15T17:56:32Z,STORE_31
6bf4802e-47de-4e20-8a05-b2ceed0bb164,C48688,-12.84,2026-03-13T13:42:29Z,STORE_1
54346623-0054-478f-8117-29b7fc49b340,C57771,-26.9,2026-03-11T04:42:36Z,STORE_46
b14f3725-2050-49f2-be65-7f808983c437,C31466,44.47,2026-03-13T16:23:50Z,STORE_2
6d856e46-06c9-46b6-94bc-328861431ec6,C98611,222.34,2026-03-11T20:26:22Z,STORE_35
4b179d46-bc5a-4d57-a737-64c16fe18af8,C30666,146.32,2026-03-11T06:02:30Z,STORE_24
460ea128-544b-401a-9689-71f5b0b7f1f3,C69799,255.98,2026-03-15T10:15:57Z,STORE_19
7083258f-1f4a-4ec6-91b5-1d145734b7e9,C38868,463.03,2026-03-11T06:56:38Z,STORE_22
8f132882-2acf-4e17-8dc5-602e51f8da00,C42262,421.7,2026-03-12T22:03:08Z,STORE_5
f658c310-8df5-4184-a41c-fe5e06045456,C97849,237.86,2026-03-12T14:48:55Z,STORE_34
225e124f-a60b-4958-b86c-e7164e37da88,C60797,10.51,2026-03-11T05:55:49Z,STORE_41
1d329271-dd12-43d9-afab-b0022fd7a94d,C48807,281.09,2026-03-12T20:20:43Z,STORE_41
c98b70f3-5382-41c2-9367-8ddf41587832,C60762,441.28,2026-03-11T03:47:53Z,STORE_48
722f65f2-d51b-4ef5-8038-99c09c872ce8,C43151,134.53,2026-03-13T19:28:22Z,STORE_50
83853bbc-1165-4d31-a1c7-43e651bed012,C69872,48.04,2026-03-14T09:46:07Z,STORE_14
ba3afb12-6da3-4d60-800d-59e7c3466c21,C37950,297.55,2026-03-13T04:56:05Z,STORE_10
2b17736d-5ab0-4ab6-8138-62107b680c14,C81833,422.4,2026-03-14T11:45:54Z,STORE_41
126cdf83-d8c8-4e53-8828-c4003dfc9784,C90325,409.67,2026-03-11T17:01:04Z,STORE_34
9e24f32f-364d-4e60-9826-38a4213f35c9,C98422,496.35,2026-03-10T20:27:08Z,STORE_38
91866cde-4ca2-458e-a70f-9f215c5b490e,C18549,401.74,2026-03-11T12:49:27Z,STORE_46
a280b4f6-2db3-4f54-a189-2b4c8b44c650,C91291,-34.95,2026-03-11T00:22:59Z,STORE_13
c91094a7-fd4a-4be8-bf18-1603eb4b07f5,C89655,262.57,2026-03-13T03:19:56Z,STORE_11
4129da35-c71e-4eb0-a2b2-b64662851d10,C81901,204.91,2026-03-10T23:08:08Z,STORE_29
61d976ed-1e7d-4c7c-aadb-3a720fe18c88,C28406,176.13,2026-03-12T05:21:03Z,STORE_14
cdfbeb40-3bdd-40f6-9560-dd8494bf5340,C52084,375.4,2026-03-11T14:24:01Z,STORE_32
926b9eca-6782-4588-9a0d-0a4542ecd07d,C56689,358.25,2026-03-12T14:33:03Z,STORE_49
dc0470bc-9f0c-4d6f-bad3-e7cb1844bb94,C84286,429.68,2026-03-12T10:55:09Z,STORE_40
3ee8c54c-9647-4668-a35f-e73928f79344,C20312,417.15,2026-03-11T19:20:14Z,STORE_27
c7376c37-be02-483d-9335-222992d4a36d,C54820,403.78,2026-03-10T21:11:56Z,STORE_47
310e7227-be29-4705-9ffb-9ff0380cec98,C21683,462.01,2026-03-14T06:50:54Z,STORE_35
6f66d897-6dfe-4e2c-9b42-096908e95d69,C22148,336.43,2026-03-11T09:54:41Z,STORE_36
217ddd23-8102-487d-848f-ccbc0c626a41,C66443,46.8,2026-03-11T15:18:46Z,STORE_50
a15e717d-6012-4ac6-b871-7f804d02e721,C20048,470.31,2026-03-11T03:48:31Z,STORE_2
79823264-eae4-42f6-99b5-10159bc40eb8,C82315,497.28,2026-03-14T17:57:49Z,STORE_13
243d2f7b-0fa1-4437-90f7-02a7e33f0549,C49793,-42.44,2026-03-15T02:20:34Z,STORE_14
3f57d27c-fa19-4e04-b7c4-7724c79344cb,C82523,375.18,2026-03-10T22:31:13Z,STORE_19
56908a9a-ec2f-444a-a61e-e3775c01bda7,C14585,24.02,2026-03-14T00:45:40Z,STORE_8
11565ea8-e217-4190-b3e1-b59ded1c911e,C85925,464.75,2026-03-15T17:45:09Z,STORE_4
ff0043fe-3470-4497-a53b-74f57d735374,C89944,339.91,2026-03-10T22:00:08Z,STORE_43
cf56bdd0-f436-4159-b47a-73ef8ab9aa2c,C32076,83.65,2026-03-12T10:59:28Z,STORE_7
8af6ddee-b6c6-4f42-97dc-7922f50aa128,C96734,348.7,2026-03-11T18:46:22Z,STORE_19
0e6f7356-c02e-453c-9c48-ecfc279f4750,C42136,23.41,2026-03-13T00:19:18Z,STORE_9
94d5fa78-d67a-4d88-ae80-5768c4c5ca7e,C49740,121.49,2026-03-11T10:58:21Z,STORE_47
a2259565-9c6f-41ae-a0fd-beceaf27fde9,C35463,286.9,2026-03-15T18:34:13Z,STORE_47
788ff374-d954-4594-aa4f-3d1da1fe49d2,C82869,17.14,2026-03-11T14:41:29Z,STORE_48
22b7ce65-df42-4050-90c7-281eae0b6126,C65334,477.35,2026-03-11T01:56:29Z,STORE_12
9bb199eb-43d4-47ad-82e4-6a82f1e2fc0e,C69930,266.84,2026-03-11T06:36:33Z,STORE_49
aeb1af09-1408-4175-88c4-003cfede54b3,C89558,444.15,2026-03-15T01:13:46Z,STORE_43
7dc3b65d-7c10-48b3-aada-0919be42c3f6,C15371,172.17,2026-03-13T14:42:25Z,STORE_37
e58ad1dd-0904-4004-a0b9-e8096e0578f5,C88709,6.78,2026-03-12T00:11:35Z,STORE_40
85535a4c-4967-4a6e-847f-73a1011c8389,C61460,255.56,2026-03-15T18:53:25Z,STORE_11
f0862fd1-6fdc-4038-8f4c-523b4b02faeb,C25768,-11.45,2026-03-15T08:31:42Z,STORE_32
60d17088-8623-4b2d-acc8-f51e214b0b86,C43761,22.96,2026-03-14T01:01:59Z,STORE_49
096aeb30-47a0-4a18-80fe-57bfe01f322b,C70497,425.28,2026-03-10T19:43:53Z,STORE_26
dbee51b7-62bf-4feb-8780-666500316602,C57142,215.24,2026-03-11T16:48:33Z,STORE_22
f7019f58-8a55-4a19-ac8c-71084956083e,C53342,-44.98,2026-03-13T06:34:54Z,STORE_36
2f26264c-6d9d-4596-852b-7b9971ca0b3a,C24212,461.25,2026-03-15T04:34:32Z,STORE_13
a785d7bb-30e4-4e89-ae0b-aa733d9377d4,C79250,230.84,2026-03-14T12:34:46Z,STORE_43
783a3420-dc71-4ad1-838c-e439cfa6de7b,C90337,212.78,2026-03-15T01:01:41Z,STORE_13
cbdc71cc-a88c-4267-b86f-ea67283f1cd2,C19622,108.25,2026-03-15T01:25:21Z,STORE_18
14756bcf-00c9-4775-bca0-898b1e46b42d,C54886,159.21,2026-03-13T16:05:05Z,STORE_7
132be92e-84e2-452b-81ad-4c7cf70621cb,C63976,388.68,2026-03-14T04:42:42Z,STORE_23
cbd49fa7-a45f-4269-9107-e58de18b95e8,C24617,330.7,2026-03-11T19:00:46Z,STORE_41
f310d7e8-b72a-4c8d-b08d-1f60666a5254,C46066,362.31,2026-03-12T12:34:52Z,STORE_49
542dc254-d509-45bd-8d34-f3c10b507101,C64745,486.82,2026-03-12T12:19:33Z,STORE_13
469ce49f-1aa1-4a32-ad34-1071c0a19300,C78335,401.96,2026-03-13T16:55:26Z,STORE_49
c452d5b9-cb3d-4542-b6da-a5b590ac62a8,C89149,122.42,2026-03-13T03:39:47Z,STORE_47
5131291b-7fd4-400d-8706-80baf0652e53,C83862,247.94,2026-03-13T19:31:00Z,STORE_21
19ce3e7c-62de-405b-9aa0-aaa506d14ca6,C79762,151.05,2026-03-12T01:05:42Z,STORE_16
5df1fad7-2d45-4147-9feb-b7dc7c162e1f,C89435,193.49,2026-03-12T12:11:28Z,STORE_2
d96d2dea-366a-4daf-9a4b-b910fc2e2b31,C20303,279.54,2026-03-11T14:31:01Z,STORE_31
00826875-97dd-4fa8-9fea-35167a579739,C91206,456.07,2026-03-12T06:50:55Z,STORE_31
7b3f1f61-ce99-4900-bad7-d359d0241d0e,C63196,227.65,2026-03-12T20:10:46Z,STORE_40
fa9fcd6c-2b04-4019-aec9-3aa19065daaa,C84857,36.24,2026-03-14T03:36:50Z,STORE_37
3c36d545-80ba-478d-8f55-a06e24128d11,C31426,134.85,2026-03-11T18:03:17Z,STORE_1
afa0ff37-36d8-4919-b2dc-ed17c5c7aec6,C69760,-42.86,2026-03-13T03:25:32Z,STORE_37
8e81ccbf-c38b-4fdd-b5ec-f53855207d53,C42968,289.11,2026-03-11T12:12:37Z,STORE_21
2fa75134-e22f-42f0-a4af-18757d213da8,C71673,219.09,2026-03-11T04:53:15Z,STORE_32
8aa21cf9-8286-4021-81f5-ee585974848c,C21808,22.59,2026-03-14T08:49:01Z,STORE_39
e0ca9a52-a4b5-46a8-846e-21008c769da9,C69016,308.83,2026-03-14T20:28:47Z,STORE_27
4f6bdb45-c84c-408d-af69-63405f0c40ac,C71723,271.39,2026-03-11T05:14:04Z,STORE_49
e617f656-c5f5-4703-a770-8f413bb74d8d,C17321,193.57,2026-03-14T18:45:23Z,STORE_16
d04e4a39-3d94-48cc-b4a3-3125e4ae9c08,C96345,396.71,2026-03-11T14:54:53Z,STORE_50
1437b209-50ae-49c4-8189-763f505beb7f,C17341,157.0,2026-03-14T12:17:28Z,STORE_1
c8511a04-1292-47bf-968f-63974d38c3b7,C44574,195.76,2026-03-14T14:18:44Z,STORE_47
80d022db-ac38-470e-ae0a-879eb5f3a11f,C75305,275.99,2026-03-13T15:01:53Z,STORE_22
b899da6c-a45c-4f37-b60d-b415eaba2e38,C98842,-15.78,2026-03-13T17:46:38Z,STORE_12
f3237e0f-bbdf-4289-9864-5cf665bc3d58,C80566,343.0,2026-03-13T20:31:27Z,STORE_21
da948b1d-0d14-470e-a663-4e80aec4d1f9,C99772,272.53,2026-03-10T23:38:12Z,STORE_8
8ffc5ba2-0d95-4d1c-b372-af830271d6a5,C19593,348.36,2026-03-11T04:06:51Z,STORE_26
9d865ae5-d540-4ec6-ba8a-de66ff6d268b,C51107,360.7,2026-03-13T13:17:58Z,STORE_40
b57e13c9-bb43-4e37-bb42-235840d651bc,C26541,403.36,2026-03-11T07:35:27Z,STORE_33
d4b587ed-6640-4dca-a9d5-ad5d49d3c2a7,C42432,178.99,2026-03-12T04:47:01Z,STORE_26
7547e8b7-3488-472f-8a46-4fb7e21df33c,C81356,107.79,2026-03-12T01:20:15Z,STORE_48
5a3bbf39-ad20-4444-b1c5-c43fe01a061e,C59049,72.93,2026-03-13T00:42:45Z,STORE_27
bc522a4b-909d-4567-9a7c-a032e0dceb06,C60552,450.88,2026-03-11T06:47:42Z,STORE_5
d7ace322-94cb-465b-be1e-62fc0056814d,C91808,127.27,2026-03-13T11:28:39Z,STORE_37
1c32fe8d-0e27-4aa1-9cd8-a3df51478cb2,C81427,188.45,2026-03-15T11:19:16Z,STORE_30
9164bd6b-a562-4327-a5a1-24d519f7a7f7,C66113,14.14,2026-03-13T21:12:45Z,STORE_41
5f1e8657-ab25-47c9-b172-bb23d8529b06,C99384,6.81,2026-03-13T18:37:10Z,STORE_34
ff38aae1-de5a-4cae-9a1f-892195bbd289,C54815,389.6,2026-03-13T13:02:30Z,STORE_18
15a7aa98-4bfc-4e0f-9334-4c61419d652e,C36200,403.97,2026-03-14T03:16:17Z,STORE_25
bde2f2a6-94e0-48a6-8f9d-8739f2b78861,C69533,-37.03,2026-03-14T22:55:32Z,STORE_34
ece5091c-332a-43f3-868a-5fa10be5ad39,C99035,6.59,2026-03-15T06:42:59Z,STORE_39
e830f4b7-ccbb-4b43-aa6a-893b75614c74,C41263,448.19,2026-03-14T17:52:15Z,STORE_40
59b093dd-6096-40e1-803b-a2234feabef1,C36670,415.64,2026-03-15T13:40:53Z,STORE_32
10a8f630-d926-482c-ab7b-647d5bcfbdb4,C86812,232.21,2026-03-11T16:27:16Z,STORE_3
ff91782e-6de2-4269-be45-6ed7999617b1,C49977,237.22,2026-03-11T04:05:50Z,STORE_25
7d663683-49ec-45e0-a8db-8432065d7f1b,C26762,128.06,2026-03-13T08:50:55Z,STORE_6
807ebfcf-44d9-4168-8b3c-5fdcbdf2bf21,C74214,496.61,2026-03-13T13:15:16Z,STORE_36
840d9627-3b6a-4140-aa99-485679d47988,C92456,169.18,2026-03-14T18:56:32Z,STORE_11
7740a8f0-f25d-4e51-9855-8c3145f66d64,C21651,48.13,2026-03-10T20:51:20Z,STORE_46
327535ab-9b6a-45a1-b6db-7f6dd08da19c,C50555,68.17,2026-03-12T04:00:38Z,STORE_27
005d89bb-86b0-41cc-b57e-1cc6492a3252,C92708,318.4,2026-03-14T14:03:38Z,STORE_4
83db2830-b7a8-4fdd-83b3-198206b4e0ce,C67001,398.01,2026-03-14T17:31:16Z,STORE_50
55bdfa4a-8c80-4ba9-ae16-720adddd4713,C63754,434.49,2026-03-13T22:17:27Z,STORE_12
e5d1307c-7565-41ef-b823-27b390044c2c,C22019,17.68,2026-03-15T18:00:36Z,STORE_49
0b74019a-090c-4c81-a68e-ef9654f63c1d,C95750,264.5,2026-03-11T22:28:36Z,STORE_49
1e4dfd7c-547b-4e10-8e90-2995e21f2608,C94934,453.29,2026-03-11T17:41:21Z,STORE_26
b9460c1d-fa60-4855-a58a-7482b075b758,C75308,293.12,2026-03-11T00:26:40Z,STORE_10
aae3d555-a9e5-410a-8dea-624014591694,C39225,348.98,2026-03-11T06:28:25Z,STORE_3
b99417a0-424b-47bf-b93f-c925a53e8f42,C16162,445.36,2026-03-11T13:31:32Z,STORE_43
4003baa7-002e-4d08-b739-8839f27b4fdc,C34355,247.65,2026-03-12T20:57:31Z,STORE_24
ac4e430e-f1bf-4e30-bcc4-457544d90e1e,C49091,325.21,2026-03-11T05:43:17Z,STORE_5
7bcb89ca-cb6d-417c-87a6-47a274ce907a,C87090,472.21,2026-03-11T18:25:26Z,STORE_18
949111a2-92da-44b0-b965-e7c72d5e4329,C59123,241.56,2026-03-14T05:14:22Z,STORE_30
7a8c72f7-3737-40db-8313-2ea7b009dde5,C91475,16.7,2026-03-12T23:55:13Z,STORE_37
d35074c1-2164-4f16-b9b3-11cd6c3ce292,C73505,411.45,2026-03-13T01:01:09Z,STORE_35
e36bb150-667f-402b-9a2c-296241f0c57b,C58829,138.48,2026-03-15T00:08:07Z,STORE_38
391da7ec-0681-46f8-9957-7eb7a5c2586e,C18211,470.77,2026-03-13T05:27:04Z,STORE_2
cd8770d3-9c6c-454a-b3a0-16ce95f8e4eb,C33239,21.48,2026-03-14T18:12:02Z,STORE_43
e10f29b8-b929-4c52-bf41-6846116c8e73,C85455,105.56,2026-03-11T07:52:25Z,STORE_3
aeeb9333-de9d-4b58-979c-5af4b154c3e1,C62453,70.1,2026-03-13T06:23:44Z,STORE_26
14291662-d6c6-4db9-a9d9-1fabce143f93,C10865,452.7,2026-03-11T06:15:28Z,STORE_5
5c32ea57-dbeb-452d-b8f4-026080800c61,C87236,221.15,2026-03-15T02:59:14Z,STORE_43
12788810-0c4e-46aa-b80f-790cac2e26a5,C66070,177.36,2026-03-14T04:32:16Z,STORE_22
4629667c-3349-4511-9cc4-072afa54ea1c,C50071,408.0,2026-03-11T03:12:21Z,STORE_20
ab6f1f45-59e0-4ca8-8091-af9131cf7620,C47957,430.56,2026-03-11T18:32:01Z,STORE_41
946fe177-f00f-4bc2-b253-f9c9d38b0460,C22697,173.53,2026-03-14T04:46:31Z,STORE_21
00b1addd-3861-4a0d-b193-5a8970d55665,C46666,288.33,2026-03-15T16:41:39Z,STORE_44
33023264-1401-48e5-9d43-3a22220e1f53,C55389,464.44,2026-03-15T11:59:21Z,STORE_2
e57f8303-814d-48d3-abe5-f3e5fdc3157b,C16858,-20.36,2026-03-12T23:06:08Z,STORE_7
dd3a9a5c-e79f-406d-b4d0-752ae78c50bd,C74234,284.98,2026-03-12T23:49:06Z,STORE_26
4d21b041-ac8f-43f9-a8fb-1d156dcecd4c,C30175,497.66,2026-03-13T09:14:44Z,STORE_44
d9a6b8d1-1b93-4087-af82-e537369e5642,C92849,442.0,2026-03-11T09:25:22Z,STORE_41
427d5798-36a9-49c2-a107-cfbe1d088e06,C18262,358.24,2026-03-12T14:20:48Z,STORE_23
77ef21cf-2871-42eb-b3f5-e75629d01b5b,C93418,447.19,2026-03-12T23:18:19Z,STORE_28
42393fa3-d43a-4e27-9e32-9909d786fc5e,C63879,414.93,2026-03-14T05:35:16Z,STORE_1
9dc1b16a-29a6-43c8-8587-c69f66d92686,C32391,68.48,2026-03-11T17:31:41Z,STORE_50
b670d59c-0876-4977-a3e6-4cc7a24849ad,C74237,447.64,2026-03-13T18:55:24Z,STORE_16
6d48e04f-e615-4f3c-a175-ade941aa90f7,C57696,391.13,2026-03-14T21:43:33Z,STORE_35
833f8ecb-82b8-4031-a304-edd1a2d9bb4e,C47241,136.42,2026-03-11T23:38:06Z,STORE_50
a9b27281-9412-4fd3-ae3f-04adbfb96621,C94172,77.96,2026-03-13T00:11:20Z,STORE_41
7be1a3d4-994d-4349-8ace-e1da0a34c4bb,C37036,282.54,2026-03-11T20:22:59Z,STORE_26
f030cb45-50a0-4bd8-9ee7-9e8ae681de4a,C19357,145.68,2026-03-14T19:06:59Z,STORE_37
49adfd9d-a762-479c-8893-3085716a24f5,C98793,178.02,2026-03-13T06:20:23Z,STORE_13
a217c5cb-9abf-4251-bf94-bea7fa3d815c,C36876,206.78,2026-03-14T00:41:07Z,STORE_45
8d3030a1-99a4-47b6-824a-db92c830285d,C24453,388.27,2026-03-11T13:16:35Z,STORE_44
97e02fbf-5556-4ec5-b455-a4fcdef43c1d,C36546,213.88,2026-03-13T08:53:25Z,STORE_41
2b85105d-79d3-40b2-bec9-5d4dfafddc7d,C48479,200.48,2026-03-11T22:24:24Z,STORE_34
92d7b0e4-4338-4f8e-b0f9-fb591dfb4d24,C60386,237.24,2026-03-11T03:02:13Z,STORE_8
b0694f60-f637-40cd-abfb-edaed2328013,C11921,274.82,2026-03-15T07:17:46Z,STORE_14
db70432e-bbab-4744-bf6b-aeb075abf62f,C90188,364.63,2026-03-13T14:16:17Z,STORE_43
a9cd0a64-04ff-47d2-866c-18ece020a957,C84681,247.77,2026-03-15T09:47:56Z,STORE_12
24981ca4-75f2-4a27-a636-75dac9198e49,C31837,261.92,2026-03-13T13:32:57Z,STORE_8
450818ec-c196-48e0-b42e-795b899f52a6,C97609,340.88,2026-03-14T11:19:42Z,STORE_21
777a0597-b120-4e35-a10f-4d43e39ffc66,C62647,297.95,2026-03-12T09:26:35Z,STORE_11
0e59ef8a-9902-4dc3-90f4-666f183a897d,C28359,34.07,2026-03-15T00:59:17Z,STORE_34
7cca2f29-b280-4ccf-884e-0a257e90337e,C14131,82.31,2026-03-13T05:01:51Z,STORE_11
20deb324-e8e9-42a3-91d0-3fbcd135e8f3,C17460,242.07,2026-03-14T06:02:18Z,STORE_50
07b17bc5-77ef-4d01-a885-2d0c5e9593b9,C15074,241.24,2026-03-14T05:34:13Z,STORE_1
fde5599a-1044-44ef-8cb2-584d717c7fe9,C89750,180.64,2026-03-11T13:47:51Z,STORE_16
1fd43bf0-287e-4c91-acc2-fbfcb3265b6b,C98997,96.98,2026-03-14T14:22:45Z,STORE_31
2d9babc2-642b-46cd-ba29-97fdb635af0d,C35016,276.19,2026-03-12T00:33:12Z,STORE_18
11a1d007-8e58-4d85-a3fb-d6ab5845ec7e,C64702,194.9,2026-03-14T16:22:57Z,STORE_9
51f949ae-5cca-41a7-b872-2e94aa8477b3,C93154,153.46,2026-03-12T23:39:09Z,STORE_38
8cb71ac0-354c-41fd-b321-fa02b5830cf7,C31651,286.54,2026-03-12T16:10:10Z,STORE_5
eee2bb28-ba54-444b-b672-91bb69f20e49,C64361,67.43,2026-03-15T05:34:02Z,STORE_22
db169fbe-a158-45de-bd8d-7d2e831e5487,C79348,373.44,2026-03-15T12:09:50Z,STORE_48
9452af80-0fcc-4aa9-91e1-089ac5982ef8,C46460,480.36,2026-03-11T18:42:28Z,STORE_29
9681f412-682e-4844-87a0-c0a465f7739d,C66067,62.74,2026-03-15T04:18:08Z,STORE_4
72bd100d-2d31-4694-b0b0-f92f6a2d9b7b,C11257,279.67,2026-03-13T07:22:42Z,STORE_7
cb3d78e8-deb8-4571-b9c6-2ccc4cce9f49,C19763,443.41,2026-03-14T20:21:48Z,STORE_35
f366dca8-c926-42b9-8659-bd6ab7c5a9e5,C58091,-36.67,2026-03-11T05:07:02Z,STORE_44
ac5ee01c-0f4e-419d-99d6-3b4c36f1fed8,C23539,302.43,2026-03-11T09:53:15Z,STORE_30
8ba5d28e-f357-436c-b2d7-345ad928d554,C49901,419.83,2026-03-12T19:02:26Z,STORE_25
eee6ac1a-2589-48b2-bd46-582b6ea7a76b,C94346,288.59,2026-03-11T19:59:29Z,STORE_43
3cbeacec-c8e0-4a55-857c-735aabaa5b46,C94524,321.56,2026-03-14T01:29:06Z,STORE_41
dc41ed99-f7cc-4735-85b0-93f17d641558,C43843,98.4,2026-03-13T19:37:25Z,STORE_21
d9dbf177-af27-4856-8ee7-7742e0bfb8ff,C59527,211.58,2026-03-10T21:55:18Z,STORE_30
f8281d2c-3a88-4184-83c9-2ba8f434e2e8,C40804,6.34,2026-03-12T07:03:40Z,STORE_31
375fb89e-baab-43b5-b8ac-e639fb94e917,C41366,64.6,2026-03-11T12:28:47Z,STORE_12
1e0fd2c2-1866-48d4-8a10-582978687949,C33392,108.1,2026-03-12T09:51:51Z,STORE_29
5661b36b-8a96-4db9-89de-e832cd0cb5f0,C49238,397.98,2026-03-15T00:06:26Z,STORE_14
c44a637a-4a69-404a-9368-31c13489b73c,C65340,133.02,2026-03-15T01:30:15Z,STORE_19
10f8699a-1285-49f7-ab06-5aefcd0ff501,C28567,252.13,2026-03-15T16:37:11Z,STORE_33
0142b95d-e38d-46c6-948b-0df50db6a6ef,C53396,436.67,2026-03-14T07:54:17Z,STORE_1
50fa7e0e-69d4-45b7-aade-7ee5893b411d,C73805,6.39,2026-03-12T20:23:10Z,STORE_21
57c3c383-be7b-4b04-9f4f-5aff9e153383,C54302,11.95,2026-03-11T07:52:35Z,STORE_48
e10a322c-3760-43d5-a8f3-ccfd6ccb869e,C76430,39.13,2026-03-13T09:09:54Z,STORE_46
36383612-6cdd-4924-bf1e-90d8cc3f83d0,C77068,195.93,2026-03-15T16:51:36Z,STORE_37
fe369ee5-6832-458b-a66b-30180ca8c7d0,C15601,394.58,2026-03-11T11:07:49Z,STORE_23
9ec1ec05-36c8-4d1f-99bf-06b122daae86,C54650,341.58,2026-03-12T04:39:16Z,STORE_32
d1641e63-7b4f-4f95-892c-78e19c49ead7,C83772,435.02,2026-03-15T17:11:08Z,STORE_34
27834d87-ee70-427e-a14e-92d1b7ac0cfd,C86826,79.04,2026-03-11T05:04:21Z,STORE_46
792c9e94-4099-42e3-a63d-376c5bdc0836,C17966,53.83,2026-03-14T11:54:10Z,STORE_20
c20ba808-a9c3-4c4e-ae5d-4c6bf95c0abe,C71850,240.53,2026-03-14T11:01:25Z,STORE_47
51682d49-12c8-418a-996e-e14b1132cc32,C37572,75.64,2026-03-12T15:39:56Z,STORE_4
9b78935c-49a8-4909-967c-5277aadde6d0,C96968,-43.27,2026-03-11T12:27:38Z,STORE_47
fdbfbd4a-fd54-4d3b-b9fe-21dbea99a935,C54637,387.1,2026-03-15T18:46:56Z,STORE_19
f7b9fafa-f31c-40a9-9e12-ee40bf5e2bb3,C71500,27.77,2026-03-12T08:32:51Z,STORE_29
181f4354-e61d-4bba-993f-81475ff4c09b,C86153,18.07,2026-03-14T13:19:27Z,STORE_28
221a5ad7-d4c0-4517-b696-a4d4bb36c599,C91656,399.08,2026-03-14T06:23:26Z,STORE_6
acc7fac3-f40b-4fcf-8382-11c94b016454,C54548,401.22,2026-03-13T12:52:45Z,STORE_5
b2709fc2-9381-4e24-90b3-661054f1f332,C29094,378.09,2026-03-15T05:46:58Z,STORE_22
e49f7ed2-dc59-4d7a-ba51-daa7f0ea04b3,C84336,178.33,2026-03-13T13:17:07Z,STORE_7
b9d0d902-c71f-4cb4-b57b-7897de6eb9b3,C56239,372.99,2026-03-11T21:01:08Z,STORE_7
4c76f0c9-2d06-4f6b-8436-dba3f3266804,C89825,482.65,2026-03-13T09:51:23Z,STORE_18
67b604a3-b78a-4903-8359-a243457b0ab3,C69225,231.73,2026-03-14T13:36:42Z,STORE_15
eb785e38-c1ac-4956-891b-f8db03c5723d,C34577,472.53,2026-03-11T13:53:13Z,STORE_42
5d430344-ea0c-4a60-862b-e6c4bcf07df7,C85528,273.53,2026-03-15T14:51:41Z,STORE_46
71db82e2-37f9-4267-b4c0-9bf5fdb5e212,C19356,4.49,2026-03-14T16:12:11Z,STORE_6
20cf1892-3756-4f82-af52-84737afb25de,C67032,233.85,2026-03-13T21:57:25Z,STORE_2
715ee9b3-eb15-42a7-ba71-fbb260498823,C56429,236.14,2026-03-14T21:02:07Z,STORE_15
f8a9bb0d-2f9a-4752-a1b2-2f8055ed89b4,C11698,361.7,2026-03-10T21:46:06Z,STORE_47
6a2f89b5-2828-4d77-9c60-c6e9dd8d0726,C26575,292.66,2026-03-14T06:14:49Z,STORE_22
24178b46-b762-4f65-b2bb-442f63c2eab0,C95326,15.93,2026-03-15T05:28:10Z,STORE_19
59e538ac-6e49-4f97-88d8-8afec9b5ca7d,C12873,106.81,2026-03-12T02:59:44Z,STORE_24
494af2cd-190b-455b-aba8-0ea2a8b24af2,C43917,67.0,2026-03-10T21:13:20Z,STORE_39
3dfb6bf8-ef90-4410-8566-92c3a11af3a7,C26663,143.57,2026-03-10T23:10:43Z,STORE_2
2f7327ea-e153-4d4f-81d0-2bfdc2e97740,C72154,43.86,2026-03-13T22:26:05Z,STORE_5
ce67a05d-2a34-48bf-933b-82599405ac4a,C17596,73.28,2026-03-13T22:02:37Z,STORE_35
cfc8eabf-74e1-4023-ad5c-2134bd3fe8aa,C20352,409.93,2026-03-14T02:32:42Z,STORE_23
c5552e6d-7a0d-47d7-aa4b-66b065039e7e,C36137,370.51,2026-03-14T15:00:56Z,STORE_25
4bf05514-153c-4f0c-947d-4892e0ad9546,C92460,346.94,2026-03-12T04:22:15Z,STORE_35
33517006-f037-4811-bfaa-0d10e3258b04,C38089,96.35,2026-03-11T03:31:35Z,STORE_22
39a43239-b940-4a5e-8c69-051acb952545,C10460,-7.5,2026-03-14T09:00:48Z,STORE_27
81da9a69-c2c7-4f13-8639-f7151278310c,C40502,152.46,2026-03-15T15:10:02Z,STORE_19
8fde6e78-5049-424c-82ff-165fe481131b,C39545,75.59,2026-03-15T18:34:12Z,STORE_31
44d6ee9c-47ea-46a8-ad7f-6beb514f7eb2,C51856,401.55,2026-03-12T17:04:11Z,STORE_46
e281ca7b-e414-4e7f-8092-3ccc7b94179d,C77255,97.75,2026-03-12T08:17:51Z,STORE_16
2d8f59fa-cdf5-4134-b18a-f9cfda2a13d4,C26909,57.92,2026-03-13T06:56:23Z,STORE_31
9dc120ce-21df-4129-96b0-392efccfa744,C74426,148.54,2026-03-11T14:40:28Z,STORE_46
71c23d20-b4bf-413c-a107-11e2b4d64adc,C65809,217.36,2026-03-12T22:43:31Z,STORE_43
fb7a6bce-d3a1-447f-bfe2-1aba6ae7bc1c,C42148,378.95,2026-03-15T18:22:42Z,STORE_44
bde5ceb4-cb2e-4402-8f0f-c697bae9d19d,C87739,335.47,2026-03-11T02:29:13Z,STORE_49
4b3740c1-d33a-4a20-b2a0-e8850f14f02b,C75044,13.51,2026-03-14T00:34:38Z,STORE_46
76592621-8a36-4e47-995d-cfb125d268ef,C64841,51.65,2026-03-14T17:46:08Z,STORE_22
2d858d2e-1198-4a97-8d40-c07f7a390dd3,C48760,-41.27,2026-03-13T09:50:29Z,STORE_31
0c4b4d86-b407-4c13-9828-7f7066d995cf,C93648,143.29,2026-03-12T16:01:37Z,STORE_46
87cad8b4-e59e-4294-bcb7-6a1cac10748d,C30959,347.59,2026-03-15T14:47:21Z,STORE_24
f4807997-2f21-4042-8de9-3c2c6547a606,C45959,362.55,2026-03-15T10:25:22Z,STORE_42
a26d3add-41be-4c23-b2e7-df9fdd1de9b9,C81040,59.29,2026-03-12T22:32:09Z,STORE_37
df23f7bc-fc13-49c7-8a57-bbcc9f6b5148,C82382,380.72,2026-03-11T08:36:08Z,STORE_12
e1237ea7-480b-45fc-a09f-eb33f2bec04b,C92782,194.51,2026-03-15T03:33:01Z,STORE_11
f7a19a0d-800b-44b5-a49e-bd191185a12d,C33192,291.78,2026-03-13T14:02:42Z,STORE_38
bf473e99-c6e0-459c-b4f9-f84fc24e12ff,C39435,27.58,2026-03-14T20:19:34Z,STORE_18
9a747228-a358-4ba3-9673-823cbf9cb668,C83216,124.58,2026-03-14T15:25:48Z,STORE_7
2731b2c5-5a4d-4c2e-83e4-2df5d85795d7,C57552,283.66,2026-03-12T18:05:18Z,STORE_11
4e249c87-a05f-494b-b3d6-88f7012d3c93,C97026,494.49,2026-03-13T02:49:26Z,STORE_23
4ba8e226-71a7-4c6b-9ddd-920d2efa216c,C17767,319.7,2026-03-14T13:47:11Z,STORE_43
a1f46069-b1f8-4ae9-a714-7a9ce7555fa5,C97992,-9.6,2026-03-14T02:17:22Z,STORE_37
46585fcb-08ec-4f3d-95ae-59f05400c73a,C54831,351.49,2026-03-11T12:14:47Z,STORE_19
ed921dd6-1f2c-4c63-b7b2-5cccdf499865,C36338,66.75,2026-03-14T03:39:42Z,STORE_44
8b550571-2590-4f06-a7d5-78a51902ce47,C60661,226.72,2026-03-12T11:16:16Z,STORE_45
1e316639-0f11-44ca-b84d-76c07d27bc17,C87475,71.44,2026-03-14T10:58:48Z,STORE_9
9896a663-4698-402f-bb0e-938b35fce697,C67981,346.52,2026-03-15T18:28:14Z,STORE_2
0b8f9df2-9fe1-4bf3-9339-9d28fa052d12,C20004,88.24,2026-03-10T22:33:24Z,STORE_15
55b3b981-c624-47a2-bfab-d03982f5e1fc,C35649,493.71,2026-03-11T07:18:53Z,STORE_13
c2e506ff-ba61-47ad-b917-e76aa19c0a2e,C57547,13.25,2026-03-11T00:57:16Z,STORE_42
dec7f500-788c-465c-8393-c37e381ed129,C10716,239.4,2026-03-13T21:03:33Z,STORE_8
e5211354-e313-4e2c-ae89-cc846005ab86,C50976,135.72,2026-03-13T10:38:13Z,STORE_35
436914e5-b7d1-4cc4-b22e-be74515b0ac4,C51178,429.25,2026-03-13T09:28:13Z,STORE_20
f52ee693-ec6f-43bc-a7a0-5876bb4686d0,C45351,366.74,2026-03-10T20:34:04Z,STORE_15
506c506b-e4ce-4e7b-8a97-b06b28e10c67,C17426,144.92,2026-03-12T23:49:58Z,STORE_21
c125b556-5718-4f5c-99ff-d5341ad8e23a,C33855,445.86,2026-03-13T10:28:24Z,STORE_6
cb4274d9-2fe9-41be-b1d7-714b7297d825,C33630,248.17,2026-03-10T23:16:15Z,STORE_42
3368df5e-0ee6-4ec2-a370-eddfbc685456,C63499,155.71,2026-03-13T04:58:17Z,STORE_40
785180f1-5ff1-44a6-a0ad-67d71ce4691c,C64689,140.48,2026-03-10T23:47:15Z,STORE_16
a0378493-a094-48dc-8f19-7a39b09a6e13,C49485,291.14,2026-03-11T20:35:03Z,STORE_47
b8fdde12-a8e4-4b4d-bed5-173fe0eaad65,C69445,399.33,2026-03-14T10:56:10Z,STORE_1
3f0d241a-c07f-4c9f-9bfe-30d0e28381b8,C77926,466.58,2026-03-13T13:33:50Z,STORE_16
1902783b-cbbe-4cf1-914f-a620567fd918,C98103,266.79,2026-03-11T16:25:30Z,STORE_34
e138b8eb-1207-496d-b0a7-38441aeb92c8,C11541,101.68,2026-03-12T21:23:11Z,STORE_27
220ad6ad-3bcb-45e9-b92c-96ca3f8b05cd,C98864,425.98,2026-03-11T10:12:11Z,STORE_11
c266b22d-b038-4d23-96a2-5d2f24be9766,C53085,220.77,2026-03-11T07:05:33Z,STORE_1
0afa7140-ab6a-4ded-a208-99333f71aa67,C61665,59.97,2026-03-15T11:02:59Z,STORE_49
b52e6cbc-a578-4fff-8d9d-267e3c467b09,C40366,417.16,2026-03-11T00:51:51Z,STORE_34
3e17df17-717a-4760-b681-30d810499f86,C53127,434.26,2026-03-13T19:36:26Z,STORE_9
aa3511e1-91c6-408e-99ac-29618fdb6fdd,C27584,439.14,2026-03-13T06:22:16Z,STORE_45
906d7faa-93b0-4348-a93c-c9e4ec6e2e19,C50052,12.52,2026-03-11T22:32:16Z,STORE_9
7cd662b6-38f6-4d5c-9b50-1127e289f99e,C18750,268.28,2026-03-11T22:37:32Z,STORE_34
03491a8f-11f1-4000-842e-4427da421239,C87956,330.95,2026-03-14T04:48:44Z,STORE_39
96ce013b-c188-4f63-b5e6-20c6483968ae,C69171,313.3,2026-03-14T02:03:41Z,STORE_18
4ca95cc9-a734-4426-9d32-85733aabea81,C47969,61.69,2026-03-14T22:26:06Z,STORE_18
404986a6-ff31-4760-846b-03eca6a580c4,C24739,352.66,2026-03-14T05:01:14Z,STORE_18
33dcfe34-27a3-4445-a871-d8319f25534a,C83692,220.08,2026-03-13T13:05:21Z,STORE_31
4da9097a-ca50-4852-8c69-2b49e4868cd5,C87759,322.67,2026-03-12T04:52:16Z,STORE_33
c019d54a-66b1-4570-91a9-5d2fff99dcf6,C30718,346.16,2026-03-14T03:59:01Z,STORE_15
14ce7516-1472-4474-bc16-22ee675df915,C12774,-38.74,2026-03-11T01:03:02Z,STORE_10
32b723fb-f1af-4481-a04b-7f58d79d7ee7,C62725,36.04,2026-03-12T09:46:31Z,STORE_46
f26c2a9c-5dc4-4e3f-a41e-7b58b2d065d9,C56354,288.33,2026-03-15T05:41:50Z,STORE_26
382e4e4b-02c4-4470-aea3-814a94dc70d0,C55394,375.27,2026-03-11T02:29:57Z,STORE_13
0373a664-75fb-40ef-b2f2-a82d2541a645,C41347,78.0,2026-03-13T18:25:42Z,STORE_15
66fb077d-9948-4dcf-ac81-5a4b8cc2e8dc,C78914,295.49,2026-03-11T09:53:56Z,STORE_5
969a8dc6-fa19-491e-b4d4-6ee9bb7be5bc,C89558,298.17,2026-03-14T13:37:20Z,STORE_39
ce7c1a8c-9b68-4724-8c3e-896d159661f6,C12962,475.19,2026-03-13T17:40:46Z,STORE_17
f729ad46-8fb9-4cda-a99d-d9f76fa2f5b8,C78862,376.52,2026-03-15T17:50:01Z,STORE_21
eb727b68-5223-4f0f-9857-1d6d6ef14917,C97260,182.98,2026-03-12T08:37:45Z,STORE_25
983d5f70-4e85-4317-bd81-619540e7ef17,C47730,221.56,2026-03-12T20:49:39Z,STORE_6
f56128a4-5268-4e5e-b99e-149442c6ca96,C16706,-8.95,2026-03-12T12:55:02Z,STORE_10
122a20d3-a9e3-42da-bc97-4713c4fe0434,C90857,28.4,2026-03-14T10:48:50Z,STORE_37
c109a3b9-f438-44c6-8baf-38814fb75a7d,C44009,349.01,2026-03-15T18:34:10Z,STORE_18
810dd272-07fa-4048-a510-3bc21c5bd3aa,C14344,154.58,2026-03-14T01:42:43Z,STORE_6
aed553a6-a828-4830-86fb-720c553fcb2e,C54501,123.94,2026-03-13T13:23:32Z,STORE_42
16b49d79-5655-4540-9c58-a4d6469df768,C98491,-49.43,2026-03-14T23:52:12Z,STORE_12
e783625d-6f73-4759-98ac-741a3af58e5d,C91598,142.1,2026-03-14T10:17:39Z,STORE_1
2d9c27cd-3905-49c2-ad6f-757b934596a7,C63471,349.77,2026-03-11T01:44:32Z,STORE_20
e496fb0c-7420-4023-a584-f95b226d3e55,C78414,270.96,2026-03-14T06:03:28Z,STORE_7
5ff6ffa3-8dfd-432f-99d8-a7f002986f51,C41549,17.09,2026-03-10T19:54:40Z,STORE_31
a209d981-232c-4cec-8bcf-4956b31563bc,C68266,247.08,2026-03-11T03:32:37Z,STORE_29
b5f1b4b2-d7ec-4c01-ad2e-93ba0cbef09f,C75359,166.24,2026-03-13T17:40:15Z,STORE_34
3027625c-629d-4b51-a169-2782446b241a,C97717,472.75,2026-03-15T01:19:16Z,STORE_44
fc974ad3-ad12-4b94-8543-94cf61cf732a,C69774,-24.17,2026-03-12T14:56:56Z,STORE_7
944d96a5-8ebb-4aae-aaf6-362616669e91,C46818,114.12,2026-03-13T09:43:46Z,STORE_38
198c9e5c-d0d5-48f5-9787-dab67ca47584,C56679,439.12,2026-03-12T11:45:34Z,STORE_6
db9ad57d-99b8-4d11-88f0-6a1c8641a091,C12028,42.18,2026-03-10T20:38:23Z,STORE_22
38aea2d6-66f0-44ab-a0ff-f786fde350a0,C68086,46.75,2026-03-13T12:48:31Z,STORE_33
cc08da41-a4e9-4c02-8587-ce52ebb0d6ee,C27679,52.31,2026-03-14T02:39:20Z,STORE_20
9d7a412d-cd4d-465c-b48f-535ccd0feda6,C57768,465.13,2026-03-15T16:18:49Z,STORE_46
acee9bb8-c5ff-4bbe-8f7a-66c5fd35194b,C82989,-28.37,2026-03-10T23:29:44Z,STORE_20
056bc66e-22e4-4fc0-8286-65b0f0fe13c9,C62510,271.7,2026-03-12T06:15:08Z,STORE_46
76895b9a-2090-47b0-8a24-87bec6befa22,C55407,242.79,2026-03-11T04:40:59Z,STORE_37
0ac3c905-e10b-494a-82ec-33b9cbd4a630,C40161,-7.33,2026-03-14T13:06:43Z,STORE_46
80222103-853a-4670-a3cc-928aa95c681b,C51400,22.92,2026-03-13T15:20:19Z,STORE_43
abcbd71f-2b77-4577-bb2f-86fbd7b71fe2,C10552,4.98,2026-03-10T23:47:54Z,STORE_31
861546ba-9718-466c-8506-97bd817bbd90,C35176,391.57,2026-03-15T04:20:35Z,STORE_31
fc180283-8df5-44ab-a361-405ebe5c386b,C25600,422.11,2026-03-13T00:45:33Z,STORE_18
99fdd1bf-2d81-47e5-90ef-71ab3c7483dc,C19911,35.44,2026-03-13T07:53:11Z,STORE_50
7052487c-edc7-4c9b-ba30-e252c766feb9,C26802,151.94,2026-03-11T03:01:53Z,STORE_43
2b6e0e70-c49d-4806-b6c2-98cad50e19a9,C10735,469.69,2026-03-15T13:48:46Z,STORE_25
01df7b6e-bd43-43f4-a650-2b45bb6daa20,C14722,134.91,2026-03-12T05:28:29Z,STORE_28
8824c086-ab69-4bac-b9a1-415c54a276d9,C57609,66.22,2026-03-14T21:16:24Z,STORE_28
aa2a2157-3cc4-4941-aa7d-e551326b785c,C60345,423.19,2026-03-15T00:16:16Z,STORE_34
dc10b8ae-a5f6-40bc-a8e0-fb45d2f2f766,C89491,215.89,2026-03-11T13:29:13Z,STORE_10
27269bbe-e011-4ad8-93b4-aecbc75f1e40,C44227,19.71,2026-03-11T13:58:28Z,STORE_17
63a6285c-3e6d-4a1c-b4af-f77098e25dc3,C22317,383.79,2026-03-11T00:22:55Z,STORE_25
bdc6bc2f-0040-403d-89cd-a95f49f5b13b,C89695,119.61,2026-03-13T00:44:46Z,STORE_36
3b925967-44c9-4f0a-978f-e694bbcf5795,C43201,149.45,2026-03-13T01:41:18Z,STORE_29
ef488b78-fc2d-45f2-ad00-81724a414f43,C73108,228.82,2026-03-11T00:30:19Z,STORE_14
7f7950d5-8115-48d6-aa8e-76be1719f227,C78310,246.66,2026-03-13T20:10:18Z,STORE_49
bb21ad54-539a-4689-88ab-a2327f4df9aa,C69008,200.39,2026-03-14T00:54:57Z,STORE_2
7c492b0b-d9bd-46c2-9a02-cd38664a6f4f,C24877,214.08,2026-03-11T13:35:23Z,STORE_38
83ac99ce-3f3c-4e45-8c68-525c4b7a543c,C81785,203.4,2026-03-11T19:39:14Z,STORE_28
fa6e4ec0-66c2-4e90-b070-fbe60c584913,C17012,126.41,2026-03-12T00:17:05Z,STORE_1
07643946-a1be-4f9c-a6f6-25f93488e05f,C27949,94.78,2026-03-15T08:51:19Z,STORE_46
740fbcde-ee5a-40f9-aaf6-e488c576a776,C69543,301.99,2026-03-14T22:23:15Z,STORE_39
0cadf8fd-92d1-4f61-956f-677f71f8a2b0,C13324,82.96,2026-03-15T01:42:44Z,STORE_16
402b6f11-f1e6-495c-a6c5-8d4c3be16951,C24176,417.42,2026-03-14T06:28:34Z,STORE_5
12786535-7ca3-4b65-befd-700187803445,C10974,365.29,2026-03-11T19:54:28Z,STORE_41
4ac2d9cd-7e91-427b-a8ac-876db68664a9,C79763,191.9,2026-03-13T07:50:27Z,STORE_37
6ec260bb-4804-49e5-ae39-f7e91ca82de1,C94327,-17.6,2026-03-13T18:35:01Z,STORE_39
af9a78bb-90b2-4b21-afde-879de85af2d4,C50207,102.48,2026-03-12T09:27:13Z,STORE_41
44b1a6a2-842b-473b-bafb-19206037ff7d,C75815,-39.39,2026-03-13T17:40:36Z,STORE_44
13773240-5c62-45bf-977a-0ba72ed7dcc9,C91191,367.66,2026-03-15T19:19:03Z,STORE_35
0ecc7797-0107-4b20-8321-c9dfcb52cb55,C36420,135.85,2026-03-13T07:51:23Z,STORE_40
79465d32-1ea6-4928-a99b-e53ad771fe83,C12156,-28.33,2026-03-15T09:37:47Z,STORE_44
5e227970-a3db-4273-868b-f303ffb7f5f4,C41083,270.74,2026-03-13T05:39:48Z,STORE_29
00c4ffb6-600e-4f92-bcf9-5324033cb536,C76849,468.27,2026-03-14T10:24:42Z,STORE_5
9eb775af-7608-45d9-8795-47da8fd1216f,C68251,422.65,2026-03-11T00:09:05Z,STORE_3
106c8497-63ad-4ad0-b9a7-f798d4a6d664,C36567,282.25,2026-03-10T19:39:15Z,STORE_40
f2d6f0e6-c38f-4cfb-a2ae-19c41d4890f3,C94095,70.57,2026-03-11T13:56:16Z,STORE_37
b1e205ef-1dfc-4ed8-96ce-9483ee0906d9,C54147,453.22,2026-03-14T03:02:41Z,STORE_32
47841231-36fc-4a25-9db7-ee757f6242b6,C80744,202.63,2026-03-15T02:16:50Z,STORE_9
bedb97b4-85d8-4e6b-b36b-cdfbd1dcea08,C36821,17.86,2026-03-13T15:45:09Z,STORE_48
26f3f7a0-3ab0-42b4-9d1a-97a3522857b2,C17600,-9.2,2026-03-13T12:55:59Z,STORE_36
41ddcb45-b06b-4965-ac11-dfe934254454,C34697,-29.7,2026-03-15T05:15:48Z,STORE_18
6ae0575b-3f31-46ec-b2b1-f3070b601cd4,C56826,386.58,2026-03-13T21:58:47Z,STORE_8
d033582a-088e-4199-a0b2-094fbaa399b0,C80750,426.85,2026-03-15T17:30:36Z,STORE_30
36d04ef5-cc53-4e85-ab37-530c62b911ab,C20273,231.59,2026-03-11T09:12:06Z,STORE_10
99df3ad4-f957-411c-b092-bb7177465ece,C84731,360.73,2026-03-12T06:36:56Z,STORE_31
5a91dfcb-d06b-40fd-9ec9-8dcb56c5196b,C21843,287.54,2026-03-10T21:27:41Z,STORE_28
e7a6bf1d-12d5-40aa-b73b-3fd3ccf482e5,C42376,195.0,2026-03-10T19:30:35Z,STORE_12
f266a2ce-7bc8-4b2a-b665-204ff7db591c,C83447,216.31,2026-03-14T07:41:15Z,STORE_17
c9858a91-5037-451f-82ba-6de98760735f,C66212,346.47,2026-03-14T13:52:51Z,STORE_6
315f091f-0d79-442b-83b9-960b40fb8bdb,C25065,195.67,2026-03-11T02:55:57Z,STORE_33
6e1924d0-12a0-4d36-9d57-0d052b87ddb4,C94381,354.83,2026-03-13T17:33:44Z,STORE_39
562de534-bc01-48ed-8640-d22310efe9ea,C14651,456.46,2026-03-11T18:36:45Z,STORE_4
8d58e7ba-6117-4f71-99bc-8879660211dc,C87827,38.73,2026-03-14T16:33:42Z,STORE_33
77203605-cc4c-4405-ad6a-9beb73d7c469,C49733,13.39,2026-03-12T05:38:05Z,STORE_23
2cfbce0d-d141-4012-ac2d-d84f4945bb12,C99010,395.45,2026-03-15T12:33:30Z,STORE_23
5fcc33f3-9c77-44c2-85c9-7a1fffd56f3f,C24408,205.39,2026-03-12T04:01:34Z,STORE_10
1bcc204d-9373-4b1c-a93c-2b4315b56f26,C45262,464.7,2026-03-15T05:00:10Z,STORE_30
a29c2eb1-56e0-4be1-913a-bb2accb0bc12,C20503,316.35,2026-03-15T12:31:25Z,STORE_22
94cefbc8-803a-493e-a637-0f28f90556e6,C36789,3.97,2026-03-11T16:01:03Z,STORE_23
31c115e0-8239-4eee-80c2-c58bd876320f,C80232,152.7,2026-03-14T05:20:29Z,STORE_18
ace02a25-9447-43e3-bc39-51b19d0552d8,C50205,22.64,2026-03-11T13:27:38Z,STORE_16
62cb5e20-bcb5-464c-b58c-fcbdd009f980,C76426,264.74,2026-03-12T06:37:37Z,STORE_20
c807bdd7-b55d-4af1-8af3-06abb1e0e780,C70341,388.4,2026-03-12T09:56:44Z,STORE_10
035dc581-56c9-4a8d-b9c9-900daac929c6,C23722,142.17,2026-03-14T08:35:47Z,STORE_5
0d733ee1-16be-47fd-a409-2943ef6e4be7,C32028,189.06,2026-03-15T18:09:29Z,STORE_15
b5a05734-3dd3-4301-b7bf-e1d1d0c22a4a,C92795,82.99,2026-03-11T23:16:15Z,STORE_46
80473a29-df24-48af-abd4-1dd4050ccf7c,C76987,355.88,2026-03-14T13:58:56Z,STORE_45
e7833416-3c79-4a5d-a010-7c4b5614c901,C85991,55.36,2026-03-13T01:37:53Z,STORE_50
59ff3990-48f8-45ca-b7b9-b49cd21b12c8,C34067,119.5,2026-03-12T15:52:44Z,STORE_15
c3bf7e4a-cef2-4b4a-a468-95eed1014391,C39644,394.95,2026-03-14T22:08:31Z,STORE_11
f94fdce6-faf2-4eb7-87cb-1b9e3e62dbbe,C58325,23.42,2026-03-13T17:24:51Z,STORE_27
ffa2a544-4f06-4db8-8358-967820c98a1f,C44600,254.19,2026-03-15T01:41:46Z,STORE_30
0be4181f-9732-4d0c-9a36-5a828bae4b54,C62624,268.45,2026-03-15T19:26:54Z,STORE_4
0fed5f5e-9e3b-469b-9772-bb60ad6cb884,C53100,391.84,2026-03-10T19:37:48Z,STORE_32
eb580974-bbba-49c9-a27e-cadfbda0ef08,C86081,375.88,2026-03-13T21:54:02Z,STORE_17
08fea3f8-da00-44bc-a70b-c771f44a4594,C27707,13.66,2026-03-13T13:39:21Z,STORE_45
8e73bb80-c998-4519-bf67-c3b3d68b0988,C12411,312.26,2026-03-11T07:12:36Z,STORE_31
8a59d58b-5077-46ca-b65e-33970dc7527e,C93495,485.52,2026-03-14T01:31:33Z,STORE_42
a23cd128-88a1-4680-b341-f8e5c3faa99b,C10551,450.96,2026-03-15T10:13:09Z,STORE_43
28a38ac6-0831-4d75-ad89-63cf2918c8d6,C92236,257.65,2026-03-11T03:48:18Z,STORE_4
1fcac308-d656-4bd9-b7dd-1300a193ff76,C55048,-22.9,2026-03-13T03:10:10Z,STORE_45
f46bc8d4-ebaf-47ab-bb1c-7d279ef9afb1,C61374,357.53,2026-03-13T20:55:47Z,STORE_11
e720f82e-9535-4cb7-af91-7ade0c34f8cc,C85875,461.98,2026-03-15T18:34:31Z,STORE_17
f2b65d5d-de04-437f-b375-731615e687d6,C44631,156.64,2026-03-12T00:19:13Z,STORE_47
522b784d-4568-42b9-b29b-4c5b7c83eff8,C26856,68.18,2026-03-11T04:13:09Z,STORE_43
fecb2585-617a-463d-ad90-806a0fe09805,C73233,456.38,2026-03-11T03:37:28Z,STORE_36
35dc99e2-c51c-4997-831d-c9ea8ca359d2,C54627,109.98,2026-03-15T18:42:56Z,STORE_17
9c5c0709-d360-4758-8ac8-910a80293faa,C83116,255.68,2026-03-12T08:22:33Z,STORE_20
ba309dc4-fd31-467b-90a3-75acd05d3bcf,C77556,254.25,2026-03-11T10:07:45Z,STORE_16
586d20b4-c28e-4001-ad82-0c8f61d20c18,C17798,477.47,2026-03-11T00:55:34Z,STORE_29
4aee9591-2e1c-4406-bdb9-2a37abf1130f,C69464,368.04,2026-03-13T12:28:48Z,STORE_15
d87ce985-4571-457f-b4f0-5a490e139344,C77754,-5.89,2026-03-13T19:47:33Z,STORE_7
8ee32688-8d20-4a17-8b68-ec53b0df95d6,C17112,-49.88,2026-03-12T03:09:56Z,STORE_8
c832a332-97e2-4442-ab43-5bcfef63dd7c,C89317,173.07,2026-03-14T23:38:27Z,STORE_33
da3efcac-7e01-42b6-9867-8ba8cc0952fe,C22171,345.27,2026-03-12T10:26:39Z,STORE_7
d0d34442-3ede-43be-8a91-e87f0ad07e0d,C51384,-37.2,2026-03-14T00:08:57Z,STORE_4
69cbde69-908d-4135-b1ac-16e283ba28dd,C84307,359.05,2026-03-12T01:00:59Z,STORE_48
370bd27c-8326-4e35-a556-77b138514701,C48515,413.99,2026-03-13T09:47:27Z,STORE_6
49af8572-8454-4511-a3fd-df6ce5778f7a,C86006,231.83,2026-03-11T11:44:09Z,STORE_24
9c4e88db-9f3a-4cff-a868-d88cedc668be,C14799,401.73,2026-03-13T08:35:08Z,STORE_1
53631da0-0ee0-486f-97ac-62144367aac4,C15158,183.12,2026-03-14T18:57:13Z,STORE_35
c0f1de35-8cc2-47f4-8ba9-d51df38b3a00,C32472,221.53,2026-03-15T13:24:51Z,STORE_28
916f5f2b-de86-412f-a583-f6f990e32be8,C12396,208.33,2026-03-14T05:55:22Z,STORE_46
c1789828-81e6-45f5-9111-284f1dfb765c,C41358,287.04,2026-03-12T20:28:26Z,STORE_24
69781eda-0bf8-4d8f-a2c6-9fb8d5a74f46,C81467,74.68,2026-03-12T13:59:09Z,STORE_46
bfaf6579-c4f2-4fdb-9edb-e73ebc253c7b,C41946,494.74,2026-03-14T04:28:47Z,STORE_27
1ee46469-ba29-4d4c-a54b-4a9b4b278eb1,C15790,-6.86,2026-03-14T09:18:47Z,STORE_40
69ad6d79-4fcc-4faf-831e-e124e7733974,C88654,320.93,2026-03-12T12:12:55Z,STORE_46
8d195e0c-f7cb-49e0-a44d-955b92f8a909,C39493,86.12,2026-03-13T03:58:55Z,STORE_5
df92e29e-56ca-4c03-baa8-730c9e2e7882,C88331,19.31,2026-03-13T13:20:42Z,STORE_24
944f8c82-d3a4-43a0-abef-9467e9209e45,C57073,282.81,2026-03-15T08:40:42Z,STORE_13
a7299ed5-dd3f-4aa2-86ef-6aedab4343c2,C33700,271.22,2026-03-12T17:35:09Z,STORE_25
5f3531a0-b559-4e0a-84ff-e532825410ad,C49479,-38.58,2026-03-10T21:04:54Z,STORE_47
7ba6693f-5c6d-40f4-9dcf-91c3bcab1059,C55788,202.92,2026-03-15T19:23:04Z,STORE_11
10d1db7a-c1a6-4925-8d5b-48cc0420c89a,C42171,190.05,2026-03-13T08:23:49Z,STORE_31
6effe81f-6b74-43f0-becb-eee4b223b293,C39892,-38.03,2026-03-14T07:46:07Z,STORE_25
49b1fa38-1de6-4c76-aa6e-30d914148c7f,C92417,406.57,2026-03-15T01:36:53Z,STORE_22
b21669fb-f585-4469-8464-d26813b3b37a,C20675,-1.99,2026-03-15T07:18:44Z,STORE_42
fac8c4c1-126e-42a0-b779-597148444224,C80633,177.62,2026-03-13T03:57:49Z,STORE_20
ca4df7e4-1e4f-4189-9f6d-e7d6d80c1edc,C94162,133.31,2026-03-11T12:34:49Z,STORE_24
36544ca9-6222-466f-ad50-74a527de344f,C88391,-18.8,2026-03-12T17:33:25Z,STORE_43
7282b0c3-198b-4320-9e33-0b4ddf52f82b,C71039,103.0,2026-03-11T05:24:28Z,STORE_31
814f71c6-762e-4805-9b57-fb969eec1de0,C44581,38.12,2026-03-15T13:54:39Z,STORE_28
b91f5729-2006-46da-ba41-ad7ab8e34351,C16482,65.67,2026-03-12T12:30:48Z,STORE_27
1cf12865-f913-46a6-9bd6-d331061f4c5e,C13918,431.16,2026-03-15T05:22:29Z,STORE_29
e07d4769-20fe-4849-9398-7a8ec535d451,C82040,10.98,2026-03-12T09:01:54Z,STORE_5
5acc9e7a-8ac7-4fe1-a3b8-dac22a79c819,C71877,439.18,2026-03-13T12:53:58Z,STORE_2
44fee714-700c-4380-aa0b-7e6cbe8a1bb5,C67730,343.26,2026-03-12T06:44:41Z,STORE_46
dbf62553-289e-4fd7-9e9c-65e8c0157838,C12690,189.85,2026-03-13T02:37:13Z,STORE_29
36cd3e83-226f-438e-9ab5-cf8b09fa57a1,C46090,189.37,2026-03-11T20:12:46Z,STORE_28
126fb936-6d87-43e6-89f3-e11af239681f,C22044,218.34,2026-03-13T12:47:16Z,STORE_50
5a753c9e-d38f-47b4-b715-60fbe9f0c921,C55427,138.98,2026-03-12T07:11:21Z,STORE_10
e1355a7a-96d5-4806-85da-35e0fe1ae52b,C41809,436.8,2026-03-13T19:31:03Z,STORE_7
88d72735-e758-42e9-9511-6dd1901d7dc6,C61177,31.93,2026-03-14T02:20:13Z,STORE_21
1811f753-39b4-47e1-a577-7f00ecd23508,C81297,54.15,2026-03-11T05:54:09Z,STORE_15
829d536a-7ca3-4a37-bf9a-519f792e67d7,C28149,69.44,2026-03-12T07:13:42Z,STORE_35
1d3bdfd2-3b76-440f-8b88-d92ed6c79a7c,C29731,247.52,2026-03-14T08:56:01Z,STORE_32
ba5e487d-a564-4c09-9128-65ad9ab81630,C46085,460.64,2026-03-12T21:24:33Z,STORE_38
fe4d93ef-c608-4c06-8c22-6b07232f6da5,C20189,182.95,2026-03-11T18:07:00Z,STORE_12
ba167aaa-4b8d-4595-8778-6272deebccdb,C80130,164.81,2026-03-13T17:04:14Z,STORE_2
edaae2b6-b228-4110-8e26-f56dd61fb463,C58931,375.16,2026-03-13T14:41:25Z,STORE_33
bf4b9494-a2ee-47b2-827e-858095e668ff,C11067,95.26,2026-03-12T11:56:45Z,STORE_21
c1709845-4996-41b2-9d08-574539f23ed1,C71980,-10.91,2026-03-13T04:07:00Z,STORE_49
bf2e86d4-fb0d-43db-a894-f78c365c1453,C83597,482.21,2026-03-15T17:20:39Z,STORE_28
4aeea842-3932-4d6e-9fa3-73813fa5c75c,C59714,162.2,2026-03-11T05:14:04Z,STORE_31
eca4633f-e488-4272-b6d5-22dfcb79940b,C45034,114.59,2026-03-13T19:05:45Z,STORE_42
650c2aa3-47ab-4f4f-bc55-0b6d8df907b1,C44391,264.56,2026-03-14T14:15:43Z,STORE_40
468ef139-91b4-4c9b-b32b-4b65aa4474ad,C13160,160.23,2026-03-12T22:14:21Z,STORE_2
f6c1d4f5-642f-4796-8ff2-092444ee50dc,C92796,246.1,2026-03-14T17:58:37Z,STORE_14
0a6055c6-47fd-40da-b550-2b0a66ecfd58,C83052,382.81,2026-03-15T06:06:17Z,STORE_48
119db71b-9d50-43ee-8d20-fea627994013,C36679,454.11,2026-03-11T11:42:33Z,STORE_48
e5fd392c-b537-4d44-b236-403e806f60f4,C81197,339.96,2026-03-11T09:19:20Z,STORE_40
7d3f74bc-37b2-4320-98a6-8621bee1aad7,C12971,204.59,2026-03-12T07:45:10Z,STORE_32
cc678a9b-886f-4c9c-9fe7-f80e70a72a7b,C98080,475.62,2026-03-12T08:25:17Z,STORE_38
33d4a90a-3053-44a2-8ea4-d49df436f6f8,C15091,63.68,2026-03-12T17:37:04Z,STORE_8
6ad9e409-884c-40af-8f2c-5bf7fdaccdc8,C27651,227.11,2026-03-10T22:44:32Z,STORE_2
1c3b2116-6dcf-4049-9bfa-bc62482756bb,C15235,47.66,2026-03-12T18:57:10Z,STORE_42
5f52e4ec-408f-4f1e-b79b-7345c96f01cb,C54805,465.12,2026-03-12T22:39:16Z,STORE_25
d741c996-ce0b-4bec-b1fe-6460acf827c9,C94071,270.62,2026-03-11T13:18:44Z,STORE_16
8c98a02b-d5a4-485b-9906-97ed228773f2,C81845,316.49,2026-03-13T11:27:37Z,STORE_2
b1fefa74-5940-4a70-97a2-50d6734c73a2,C30154,138.57,2026-03-15T03:31:38Z,STORE_44
208ff47f-3454-4e06-8493-ac08678724c4,C24722,86.1,2026-03-12T17:14:29Z,STORE_17
cb18a5fa-9be4-4f7a-bfb0-a911310657d1,C96056,153.64,2026-03-15T02:07:11Z,STORE_18
358b885a-d0bd-418d-97e7-d75cb9f7a569,C63088,112.64,2026-03-10T22:41:25Z,STORE_43
a06fffaa-f314-40ee-8420-5b731a2a9ee3,C25473,14.28,2026-03-15T05:32:49Z,STORE_3
63ab2495-0e4b-4f3a-b065-537843483c4e,C33671,420.86,2026-03-15T04:22:16Z,STORE_16
baa4fe52-de6c-497c-8f7f-39df3e69d9c5,C57907,443.34,2026-03-12T21:41:59Z,STORE_1
f30b6140-670a-4891-8833-315475db4621,C37278,368.2,2026-03-13T01:13:51Z,STORE_12
2be8d372-d456-4892-9c9c-31f95f024d22,C63711,171.61,2026-03-13T19:52:44Z,STORE_38
95970c94-ad28-4528-ae6d-f7b85fc5706e,C21744,-10.33,2026-03-13T10:13:27Z,STORE_47
f4ee7d1c-4b69-4ed1-b2c2-83521c25b05b,C56818,433.7,2026-03-13T11:56:52Z,STORE_3
afa6019d-927e-4d80-94a8-000178f7d97e,C38960,129.36,2026-03-14T03:56:10Z,STORE_40
e5124bc3-7f4a-4a03-91cb-4d748e2e00fa,C66959,430.13,2026-03-15T15:46:17Z,STORE_15
4e6f4329-7e4b-40c2-ad72-dbe549f29fae,C26406,49.25,2026-03-15T18:49:03Z,STORE_47
450ab8e2-5289-4537-96c9-6b6ffb5a6b48,C59322,29.66,2026-03-15T10:25:00Z,STORE_41
5fd5788b-c864-45e5-ae6a-35480b7cdb8d,C42052,-10.12,2026-03-14T01:59:51Z,STORE_16
84f3f9f8-c94b-4c9b-b176-0e73942cdcfb,C95887,122.08,2026-03-14T06:56:38Z,STORE_41
8d7cd618-29d3-4ff0-a904-c7a85e3ba75c,C20630,393.45,2026-03-14T15:51:12Z,STORE_24
46fe717e-f599-4cf5-9272-7f35fd629e5e,C53251,291.02,2026-03-14T02:42:18Z,STORE_26
d65110cd-9c1c-4136-8e88-06ee3cba63d2,C98075,378.56,2026-03-13T14:20:46Z,STORE_37
bd3ace2e-f0d1-4b42-8973-930b7da9c8ec,C16563,243.74,2026-03-12T09:52:27Z,STORE_3
8043263f-2eae-4f71-a187-82e5523ca66b,C62541,364.67,2026-03-13T17:58:19Z,STORE_19
133dc8bd-10de-4215-bea5-2b3d604a70cc,C76898,267.1,2026-03-13T00:24:42Z,STORE_11
2c456ce5-7c4b-47af-a961-f9cf84829a9f,C11293,116.7,2026-03-11T06:37:57Z,STORE_8
2ab1a9fc-04bc-469a-a27c-eae54b78c4be,C33199,309.19,2026-03-15T02:55:06Z,STORE_10
1ad73a04-0ab2-4d02-81f4-a9afab3c2a75,C95232,91.45,2026-03-13T03:21:28Z,STORE_49
351b5b43-3142-4056-9d54-26266dce3176,C74976,92.24,2026-03-10T19:28:51Z,STORE_22
22789cd1-c39f-4145-90d4-26454ef42253,C22192,388.48,2026-03-13T21:54:18Z,STORE_35
56182067-93c0-4a54-8dc3-4c3644c07ac9,C15971,188.53,2026-03-13T06:45:11Z,STORE_4
e88b0004-847c-49c3-a0f1-48e3fd42bcb1,C38472,71.44,2026-03-15T11:09:25Z,STORE_19
39725e6a-c001-4ea7-b1e3-0daf1a8e15bf,C94535,379.49,2026-03-13T19:43:50Z,STORE_39
5f2d7d62-f192-4421-9eb3-491132099f11,C91858,104.94,2026-03-13T04:43:23Z,STORE_24
76543f70-96ed-40de-8473-bebab4377f4c,C55986,248.47,2026-03-12T06:45:32Z,STORE_21
55bb4bb1-b647-4970-8041-1040bfd1baa2,C48969,242.51,2026-03-13T23:04:07Z,STORE_15
6f5efde9-aa84-440d-b766-1dcc514ee42d,C49471,131.52,2026-03-13T07:08:00Z,STORE_29
8c86ed4e-d69c-4609-b863-be2ed8d57a37,C59773,-3.47,2026-03-12T03:55:39Z,STORE_9
e387f81a-3202-45f8-8fec-0e99d7140d86,C60613,-37.07,2026-03-14T14:06:16Z,STORE_32
0a12eba0-72cc-4852-b288-7db176bd97e9,C36585,34.66,2026-03-14T17:49:53Z,STORE_14
5bdad03a-a899-4464-a568-9363ad1afb41,C86197,474.87,2026-03-11T04:00:06Z,STORE_31
715d6d56-acad-46b0-a927-14e2a77f8c2e,C20093,87.58,2026-03-12T02:28:26Z,STORE_47
07de97ab-4ab6-445c-81a5-0830691dd168,C41603,366.94,2026-03-13T02:15:03Z,STORE_38
cf86d0ce-4e49-4963-a1e9-93b9de600279,C99641,68.05,2026-03-11T00:21:12Z,STORE_10
80143bad-524c-434f-8f68-7f88db887394,C38937,380.09,2026-03-11T03:42:15Z,STORE_46
caa0501b-cf6c-4658-9860-ad429228df60,C99192,148.55,2026-03-14T16:46:58Z,STORE_4
36397346-97b3-4fea-9d7e-8d139afd721b,C76777,272.81,2026-03-14T20:03:32Z,STORE_33
49bcfee7-10d3-4a7c-be6f-7281ec3c998f,C33978,423.47,2026-03-11T06:17:02Z,STORE_31
919c4c72-46ce-420b-a216-d85a8010928d,C13038,250.28,2026-03-11T00:44:58Z,STORE_35
1ff53361-612a-44e2-bb9c-918a2bcf29d0,C50397,416.23,2026-03-13T14:11:43Z,STORE_49
1809f1fa-bc72-4ace-8c3c-da2e78778412,C25449,419.92,2026-03-12T11:14:33Z,STORE_50
c275fad5-993c-4c7a-810e-62b2f365b09a,C96178,4.27,2026-03-15T03:36:02Z,STORE_29
543a6d41-1266-4030-b055-f53eb486a18b,C92194,320.48,2026-03-11T08:45:52Z,STORE_45
e5b5d4b4-24f3-49b2-a7cb-02577ad69876,C40301,375.49,2026-03-12T17:29:21Z,STORE_44
5cb98e1a-248a-44e2-a538-e336db0dc532,C54067,-48.2,2026-03-15T14:27:48Z,STORE_25
663ed58e-229e-4ba1-9d76-5d232b71a9ea,C27676,173.39,2026-03-11T20:30:09Z,STORE_17
4c86621a-05d2-407d-a3f6-5f6a5118fea0,C29086,135.92,2026-03-14T12:19:36Z,STORE_43
81d48e6a-385a-4f84-97dd-ae4349e48bf2,C69983,195.43,2026-03-12T04:43:52Z,STORE_22
5a7d224c-c0f6-489d-a412-70ec97a44be6,C15901,152.39,2026-03-14T06:28:15Z,STORE_31
99fa054e-5de1-4043-9fe9-aa4f99d204d6,C25603,84.03,2026-03-11T18:04:23Z,STORE_38
823a4cf4-0ceb-42b8-b741-c6e79e251186,C72344,316.61,2026-03-12T14:34:20Z,STORE_12
e1684019-7414-4396-bfec-3070fa517666,C26739,433.33,2026-03-13T05:22:53Z,STORE_31
070e84c5-5190-4d6a-a877-bf7785a53c34,C52869,134.3,2026-03-12T23:18:23Z,STORE_33
b3b76b8a-102f-427e-a46d-e8022cf6c184,C33339,-41.92,2026-03-14T21:11:44Z,STORE_48
3ff61624-be55-4230-8671-4b95ef1d10da,C29501,21.15,2026-03-13T16:41:08Z,STORE_42
a59911ff-65d8-49cf-979a-4197b598ace5,C10291,348.64,2026-03-15T04:01:53Z,STORE_38
66ad4b77-8ae0-4a12-b7b0-2607d9da5d8c,C31539,181.15,2026-03-15T09:21:14Z,STORE_13
cb3175f5-7a3d-40df-a5d9-27c57e95bc0f,C60295,222.84,2026-03-14T03:28:36Z,STORE_18
76e7d6ab-2f3f-48b8-a24d-c605215c4a95,C88720,482.93,2026-03-14T02:13:36Z,STORE_11
08c75526-b901-4707-b9e7-5ba6e6be840f,C48196,434.97,2026-03-13T14:32:01Z,STORE_34
c1c5cf1a-eae8-4012-8110-c45056801a5d,C38077,95.07,2026-03-12T04:39:40Z,STORE_15
0eb22d4a-f4db-4819-add0-e278cd4834d2,C18978,30.58,2026-03-15T15:18:15Z,STORE_42
2c2c2704-2ef8-4716-aa2b-482b0d14b13e,C78527,331.03,2026-03-15T00:45:11Z,STORE_49
e2416257-e566-49cb-8dc2-e197a1ec509f,C69775,385.45,2026-03-14T11:21:37Z,STORE_30
9b499bd5-dd72-4471-98f5-3ba7704ab260,C88696,271.64,2026-03-11T18:17:48Z,STORE_15
d0acaaa8-0e04-4295-9f00-a30854fd64f1,C59370,103.89,2026-03-11T15:28:40Z,STORE_28
412b1cf5-ffe0-431f-a639-9dbc2a495182,C40830,223.47,2026-03-12T13:00:04Z,STORE_40
0273ad11-aef1-4c0b-963a-724c03639a36,C25798,201.59,2026-03-13T00:34:42Z,STORE_44
d0b09006-776f-4b97-ac67-48781aa5f9cc,C92523,188.26,2026-03-12T02:14:13Z,STORE_3
153cf826-2edc-4dc8-be08-f527bffd59ea,C52202,374.57,2026-03-13T04:13:19Z,STORE_1
dad4959a-c683-4031-9a26-1dc9b24c2deb,C48864,172.8,2026-03-15T14:03:54Z,STORE_36
91ac30e6-907b-4c27-b719-0657f89a57c6,C31434,178.28,2026-03-15T10:43:14Z,STORE_33
2a5ee358-52e0-42b0-a481-e2d46b32ca75,C75303,435.81,2026-03-12T20:19:15Z,STORE_9
9b95be6c-6c10-4dd6-afdf-5e71df7b37ba,C45980,201.07,2026-03-11T13:31:30Z,STORE_27
cf608053-e35f-43e3-b596-fd758138c2dd,C35259,210.94,2026-03-12T20:37:52Z,STORE_17
f09ba281-8f2a-4e78-a395-9f67dac75132,C66223,423.68,2026-03-11T09:43:15Z,STORE_46
186fa107-6e38-408e-809e-3ce001ccfd25,C85324,400.6,2026-03-14T14:44:52Z,STORE_19
b5844986-3aaf-43de-b0dd-b84a59dfc550,C29632,102.68,2026-03-15T03:12:30Z,STORE_27
c430fc6c-80a0-4cbc-9fc0-ee627149c452,C99138,382.54,2026-03-13T19:40:15Z,STORE_31
73463ec7-c759-497a-819a-130a3eee353d,C34551,355.8,2026-03-13T08:19:28Z,STORE_12
2a32634f-b7a5-4bcc-8675-3c2f130d68af,C64346,35.87,2026-03-10T22:07:01Z,STORE_22
3e7840d2-2b25-4fac-9a7a-49ee3c679b93,C35894,227.22,2026-03-13T00:39:46Z,STORE_8
b421c148-83e0-4b3b-bb28-042d73e5078e,C21781,110.45,2026-03-12T20:23:09Z,STORE_33
d148b85c-0a2e-4ab0-8cf8-1b0f01e0b2e8,C33423,132.37,2026-03-13T16:38:09Z,STORE_33
6e75d447-26a4-402f-a27c-80224e4c12a9,C64339,221.34,2026-03-14T22:11:37Z,STORE_10
89bdd51a-3462-47ad-b3ae-02f2b293303d,C43893,200.27,2026-03-15T18:12:13Z,STORE_44
41e3db7e-345d-4df7-bf63-e27ecdd3ff6d,C56985,-20.67,2026-03-13T00:48:11Z,STORE_21
d90a078c-07eb-4cf5-8c37-cae6b316a332,C34456,-4.14,2026-03-13T01:04:27Z,STORE_18
7164da06-6a08-4d8b-b479-9a19022abdaa,C27827,83.5,2026-03-13T03:58:11Z,STORE_15
c5b58679-fa50-42c4-890a-a2dc4f7ff441,C19154,160.49,2026-03-14T16:58:47Z,STORE_20
c26bde46-d22b-423c-bcc0-724b078e2d30,C68739,11.12,2026-03-15T06:38:03Z,STORE_37
e3167086-0efb-4c72-bd29-7e7efb960d75,C60169,153.96,2026-03-11T22:38:01Z,STORE_49
bdecc437-bbb9-49e6-9c17-d6004856c6c6,C96499,-8.19,2026-03-15T13:01:42Z,STORE_19
d38240f3-a1e0-49dc-a668-130b7de5efa4,C79577,260.39,2026-03-10T23:02:28Z,STORE_36
540b47b7-bffb-4702-a9ef-734b5de8e5ff,C49509,344.87,2026-03-15T18:02:12Z,STORE_14
ae56e318-1406-41b4-95e7-4e533b4f0b60,C34883,397.56,2026-03-14T22:42:19Z,STORE_2
df7fbf9a-9e5f-4c73-87aa-2fe2cbfef3a2,C49959,303.86,2026-03-15T19:13:01Z,STORE_45
911eef78-5867-4ebd-ae8a-b3f66b4fd84e,C67907,428.4,2026-03-15T17:43:18Z,STORE_43
2b8512bb-f88a-4146-98cb-119b8002fea6,C60004,60.17,2026-03-13T10:06:09Z,STORE_30
5b3c59f4-e71b-43f7-9b84-964b0f5df96e,C28120,-33.84,2026-03-13T15:12:43Z,STORE_47
b9926d6f-e210-4bfe-98b7-dcad2cfe6221,C72270,32.05,2026-03-12T20:12:15Z,STORE_38
daab4ab6-4d90-4f9b-ba64-1c3c578f6950,C59672,459.19,2026-03-11T13:47:53Z,STORE_34
4968d9ca-c838-452c-a9d2-baa0c0ae91cd,C15807,151.23,2026-03-13T02:41:04Z,STORE_1
c6bf9101-28f6-4f47-829b-77e58889cf29,C79347,162.41,2026-03-14T07:56:59Z,STORE_20
01e4efe0-584c-41c6-8019-3473a1421517,C25353,41.14,2026-03-12T14:58:12Z,STORE_19
037b8af8-0680-4977-bc2f-3f0e5c66b468,C29737,197.52,2026-03-11T05:57:42Z,STORE_28
f2edb3bc-8ce2-4b56-af5f-16b13be6302d,C10382,322.43,2026-03-13T22:11:31Z,STORE_40
3a60f91e-22cf-4aa3-b500-10832ed78159,C84659,218.01,2026-03-11T10:41:52Z,STORE_18
ef0a8372-76ec-4a04-97e2-1c9c027da2a4,C94623,378.98,2026-03-14T07:55:14Z,STORE_41
866bc90e-4522-4371-b397-3f24f3c21a65,C56334,478.64,2026-03-14T06:17:07Z,STORE_22
4c8cf3c6-8312-4f5c-ab16-20c39b1b255c,C38676,363.91,2026-03-14T21:07:03Z,STORE_11
0e693840-9da4-4592-8582-73b38edf81b6,C39171,464.76,2026-03-11T18:34:31Z,STORE_13
4fede383-9c9f-42a1-a619-e01cf5b08c0e,C67406,-44.83,2026-03-14T21:08:21Z,STORE_29
56cf8b15-e33c-466b-97c5-b1261a1140a3,C97031,233.02,2026-03-15T01:06:31Z,STORE_23
63dad2a5-abed-4764-8d05-77adc45ca461,C12273,471.72,2026-03-15T02:07:37Z,STORE_25
6383b573-0b87-4384-965a-f6b0b624fbf0,C93957,247.37,2026-03-11T23:00:43Z,STORE_44
ea5489be-74da-49ef-9749-fc113400e8fd,C47460,372.26,2026-03-14T09:54:25Z,STORE_8
22f8065c-7495-4dbe-b0ce-6c52006dfb23,C49398,257.13,2026-03-15T04:00:35Z,STORE_21
a48f6624-42d5-4cc0-b33e-c42604ba663a,C83213,421.44,2026-03-11T10:47:45Z,STORE_5
be90f381-c1b5-4549-9044-8e43e1568511,C92096,271.49,2026-03-12T23:30:39Z,STORE_1
d025a9eb-f2a9-4673-81bc-f5169aabf3c2,C97064,102.98,2026-03-14T10:50:55Z,STORE_18
a797b8b0-0a52-4a3c-a19d-6cc7bcce7ecd,C42800,466.83,2026-03-15T09:37:14Z,STORE_25
c547f0e1-2216-40f3-b640-00ce8e40dfee,C32916,417.22,2026-03-11T12:01:26Z,STORE_8
55e75a9e-3a68-4938-9ef6-40786a84389f,C23660,213.46,2026-03-11T13:22:41Z,STORE_3
99b253bd-d69d-4ede-838b-4e5baa2a9b7a,C76098,431.85,2026-03-11T03:26:53Z,STORE_46
b2654faa-5340-43dd-84c4-c039fa37d725,C19135,389.46,2026-03-15T04:01:47Z,STORE_25
c55d1a70-93b3-4cb7-8374-e764e456696c,C34681,433.38,2026-03-14T06:40:10Z,STORE_17
e5aee513-959e-4f10-8d32-399adcfce1bd,C98654,201.12,2026-03-14T07:27:02Z,STORE_15
3851e42d-6914-4918-b9d1-b27fc1354439,C28443,154.78,2026-03-15T00:19:16Z,STORE_19
31bdb183-0793-455c-bfc0-721bb7a0b934,C71839,437.12,2026-03-11T00:06:33Z,STORE_41
afe76094-5de1-4066-8e3d-b0ff026381e9,C84288,12.82,2026-03-13T09:47:56Z,STORE_49
b3d3b6d4-3fd9-4f93-8873-0611e2d63f03,C83811,-39.42,2026-03-12T15:30:40Z,STORE_19
b30e30fe-86b4-4497-adca-5483e1d06aa2,C53211,5.73,2026-03-13T00:39:56Z,STORE_36
ca2387ea-18db-4bde-b44d-47ff7bfca8e3,C10088,277.76,2026-03-14T15:51:58Z,STORE_23
acda69df-d9c7-4f32-96d3-a763b7649f99,C46112,252.2,2026-03-15T18:04:24Z,STORE_21
37981522-65ff-4872-bbe9-8dcb5c6ee069,C82447,466.97,2026-03-14T10:20:31Z,STORE_29
d52f8714-6110-4607-8ec5-66755ee481ba,C18079,358.14,2026-03-11T18:25:02Z,STORE_47
6b6e0ee8-58c2-4579-9010-ead66319a376,C17770,232.67,2026-03-11T17:52:08Z,STORE_18
12d2a4e3-f245-4ec2-8ba4-a4bb4bd97f46,C74537,143.93,2026-03-14T19:27:19Z,STORE_14
9a44d54d-2aeb-461d-a1b7-86c213d68632,C30813,254.21,2026-03-12T06:21:02Z,STORE_48
e3762f8b-a422-4902-aa5a-a034b349d6d6,C76187,171.16,2026-03-12T11:10:41Z,STORE_45
b70e9bf8-5a12-4f3c-8bab-6144e5e6f08e,C88477,328.9,2026-03-13T16:34:23Z,STORE_37
9143fb87-bd46-48cf-a47f-f8b913dbf79d,C62131,352.24,2026-03-11T08:09:33Z,STORE_32
14cfb292-7f9e-4f0a-bf97-ce6e3f812e0f,C47273,448.88,2026-03-14T02:02:05Z,STORE_17
2ba49585-3130-44bd-b855-e67e7c283d75,C41498,121.9,2026-03-13T12:11:08Z,STORE_41
d6535ed7-f019-433f-89ce-c5f003c3ea2f,C29890,29.85,2026-03-13T08:12:45Z,STORE_16
767e952f-f0a7-4f3c-bbb1-63c569b3288c,C97873,286.98,2026-03-15T12:38:52Z,STORE_17
09a4ce73-4e0b-47be-b938-e78dce1c6a16,C45818,88.69,2026-03-15T02:46:23Z,STORE_18
95718446-5f9a-4a27-b223-56a2eb0bb113,C82554,256.41,2026-03-12T05:37:10Z,STORE_24
6df531a5-12fe-4959-a918-6b9228704960,C18814,251.78,2026-03-13T02:22:44Z,STORE_21
adaaf2bd-abe0-4a80-bbd4-bfe8ac2e2d58,C23946,199.42,2026-03-10T23:53:12Z,STORE_39
6ea45ab5-7888-4a07-8711-9f34530f6f59,C51765,29.08,2026-03-14T01:17:04Z,STORE_25
66c48bd9-d466-4006-85c6-d80518a4340f,C38960,364.71,2026-03-11T20:38:18Z,STORE_36
44f52b36-e5d2-40d3-9793-135ca0324686,C30345,191.34,2026-03-12T06:46:11Z,STORE_29
cf6a4918-f6e4-4e48-8fe3-86322b97a208,C41187,56.62,2026-03-11T17:23:06Z,STORE_29
bf7d292c-6370-45e9-8e41-c8bdbaa536a5,C10471,134.22,2026-03-11T22:13:42Z,STORE_26
aabb427e-df5c-426c-823f-5b1485c3cb05,C95719,399.66,2026-03-11T02:25:32Z,STORE_23
bacfe897-227a-4989-931a-c85aa4e561f5,C80895,28.74,2026-03-12T05:16:58Z,STORE_17
1bcc7d6a-d6f9-4833-92d2-552b13e9329f,C69076,113.45,2026-03-15T10:25:27Z,STORE_15
7e27e3eb-cdf6-4726-9812-63a898b97f8d,C52293,6.9,2026-03-13T17:56:13Z,STORE_33
9fac0a6c-1315-4d2c-865d-4fb552aad8ed,C47284,-28.68,2026-03-14T09:40:08Z,STORE_48
718b0d2a-f91c-46c4-8183-3d8ab9b101c5,C72903,426.27,2026-03-13T09:45:11Z,STORE_32
58615742-c02d-41fe-be13-34b8e2f9d18b,C87685,45.08,2026-03-13T20:19:39Z,STORE_37
42d6821d-780f-46a4-87d1-f8f145a911e1,C66096,-19.15,2026-03-12T04:41:00Z,STORE_2
92a4d215-283e-48f2-bb30-500896c0b1da,C60042,225.55,2026-03-11T01:39:16Z,STORE_12
21852760-ba43-48b1-9e0e-02ce3cf1e89e,C58336,56.91,2026-03-11T21:21:58Z,STORE_37
8a1b0056-ad75-4dd0-98f5-644767beab64,C84360,61.46,2026-03-15T17:33:08Z,STORE_28
e6c1fde8-3262-42c0-80ea-da013ccb6664,C88784,401.59,2026-03-14T13:19:00Z,STORE_11
e2590d11-40de-4222-9b16-3cc0e6cde1aa,C67722,419.98,2026-03-11T22:17:05Z,STORE_4
861370e4-1fd0-4435-a1ae-6a9ad9efaafb,C56392,9.71,2026-03-14T14:12:50Z,STORE_44
caa25e1e-92cd-4af7-9f91-1f20609f05a7,C78453,21.25,2026-03-12T11:53:15Z,STORE_2
e43aa251-48be-45f6-ba55-67362c156229,C68776,453.01,2026-03-15T16:56:21Z,STORE_13
aaf13d92-98ee-4939-9a31-635822fb0b69,C78429,198.56,2026-03-10T21:20:34Z,STORE_42
ef6f2b83-e542-4ff8-8283-eed72262ed6b,C40427,413.43,2026-03-12T19:58:43Z,STORE_11
dcf73297-28bc-41fb-9fa0-0322c632c9b7,C72432,1.6,2026-03-15T07:55:46Z,STORE_49
cc2206d3-7b76-442a-adec-0522130eb505,C82745,213.65,2026-03-12T07:18:41Z,STORE_35
86e3ddc8-e675-4ede-88f2-3c7cddfe6a64,C16146,178.01,2026-03-15T04:48:52Z,STORE_50
1d0714a4-f87d-4c2e-800f-559ee188166f,C88595,-17.36,2026-03-10T23:41:23Z,STORE_31
a2e10eae-07e2-4ab6-b829-05f13a2bb94c,C34094,185.22,2026-03-13T15:09:55Z,STORE_46
8496bbe7-ddae-41ca-afef-4061c14660bc,C61068,334.01,2026-03-14T11:08:03Z,STORE_24
2c92a035-9c52-4efe-95f5-b58fbd17eb43,C69356,300.96,2026-03-11T09:51:33Z,STORE_11
57647605-01c2-42c1-9dcc-f74a4213e509,C25683,138.47,2026-03-15T11:12:43Z,STORE_18
3daca38d-1154-4ca1-ae30-3b54c77de94b,C34610,-17.71,2026-03-11T03:38:26Z,STORE_11
a854bb1e-a6e9-4ac5-8206-1ea0da9a7260,C94684,175.34,2026-03-14T15:12:06Z,STORE_35
f241d489-1170-40a7-8b9a-2d8a1745fba7,C57201,421.35,2026-03-10T21:03:07Z,STORE_40
9872e666-d8b6-4c1c-9aea-18c631df22b1,C84192,431.39,2026-03-11T18:35:52Z,STORE_29
3598508f-08b6-4572-8a0f-98c6ffc8f5a3,C53465,48.1,2026-03-15T10:02:31Z,STORE_43
c0633d4c-fa0d-4e4f-8c2d-1b2e4c82a725,C48121,433.3,2026-03-12T05:20:08Z,STORE_8
a1f3e49a-e3b2-42c4-acc9-42e16825c2c8,C77417,312.56,2026-03-14T08:11:25Z,STORE_32
0dbabf18-fe8a-4bc6-b1c5-5deafca2087d,C23608,32.41,2026-03-15T08:38:30Z,STORE_26
790d03b4-0385-47f2-9df4-cd2281d65e1b,C75264,-43.45,2026-03-12T22:49:38Z,STORE_49
7b5e1cb9-af87-4b39-9fbc-a7fe3359bff2,C68523,214.98,2026-03-12T20:12:17Z,STORE_36
23d7c08d-1051-48dc-9ed3-cb4f75cae959,C76871,247.32,2026-03-14T12:40:26Z,STORE_34
103b4e30-40ae-48e1-941f-44ed6dee098d,C37682,494.3,2026-03-11T01:23:32Z,STORE_50
7f3f45a7-ffe2-441f-b60f-e4706ae8abd9,C26943,47.94,2026-03-12T14:55:07Z,STORE_39
7dfb08a0-2a80-4fb5-9d04-bac85f672973,C30273,47.81,2026-03-14T05:43:21Z,STORE_31
7f87596a-9123-438f-8f61-986fe39d1b33,C60684,139.02,2026-03-14T00:44:14Z,STORE_35
497dc3ab-0b68-46fc-b3b5-95f03db6a733,C28973,459.61,2026-03-12T02:00:18Z,STORE_45
83c2ea66-8f7c-40c7-9410-a6ecfddbbd58,C85123,204.29,2026-03-15T12:45:50Z,STORE_32
92c9e385-1ed7-4ed2-b236-f75fdd54579a,C45152,364.57,2026-03-11T12:58:04Z,STORE_47
bc882c43-64b0-45b6-930d-0e302aee1ad4,C11264,93.18,2026-03-11T17:37:03Z,STORE_18
0c35add8-7186-4b72-9292-aaa460bb1fec,C70831,82.31,2026-03-13T18:25:04Z,STORE_42
b482d858-e303-42f0-b6ac-ce2f936e735a,C18674,418.31,2026-03-14T07:42:40Z,STORE_36
d103f76f-d021-4128-82d4-e2ecd3d6ad84,C62556,-25.87,2026-03-14T22:42:22Z,STORE_28
568ebc00-5ee7-4f4c-bc9d-95dde1e22825,C80806,205.84,2026-03-11T10:06:34Z,STORE_33
9fba23be-0be7-4c5d-b33b-e6b97b2448c7,C24751,333.8,2026-03-15T16:29:11Z,STORE_49
ae61037e-2913-4f54-945d-ba45b73da48f,C48762,309.66,2026-03-11T22:44:52Z,STORE_10
9af13935-46f5-442d-97ac-8d0d55bcb275,C36354,235.68,2026-03-10T20:08:13Z,STORE_22
2423e07f-209f-47e2-843c-34796171b5cc,C13889,228.05,2026-03-13T19:45:31Z,STORE_44
20ee0537-c16c-467b-adc1-a1465efea7a6,C33768,189.52,2026-03-12T13:38:14Z,STORE_33
6b180ffe-829d-4f74-9ca7-a37f7fc056d4,C33219,431.04,2026-03-13T18:04:32Z,STORE_48
a56c39ed-7215-4464-b69c-c79cf6fb01d3,C52138,-3.73,2026-03-12T16:06:57Z,STORE_26
d18bde0c-cb84-44ec-90bf-09d09b5fb776,C75530,462.18,2026-03-15T00:53:46Z,STORE_6
a917b222-e823-47d3-8f81-24095bfb258d,C52466,355.44,2026-03-14T20:11:04Z,STORE_7
7e56f1b3-b21c-4b31-af26-ec2d715ba062,C36644,399.68,2026-03-10T19:31:08Z,STORE_35
d5dd9b40-c17b-451d-8ebc-41b7eca22320,C35571,233.11,2026-03-13T01:41:19Z,STORE_2
36a22ee0-76f0-4112-a917-612cffa44a69,C55393,273.17,2026-03-15T00:57:05Z,STORE_20
606fc725-08a8-4fac-9fa1-46f1ec3b80af,C98135,413.32,2026-03-11T11:09:56Z,STORE_45
541a8972-a4ab-4707-8765-2e73029be28d,C72244,182.9,2026-03-12T15:56:52Z,STORE_5
747c317b-b044-4006-be65-b56075a5abdd,C69666,394.39,2026-03-13T01:42:24Z,STORE_38
287d6bc4-28b6-4ddc-a7e2-680583fda138,C34106,69.58,2026-03-14T23:46:20Z,STORE_6
84d60aab-8326-4c35-94b8-e0a6597acd31,C76752,6.43,2026-03-15T06:01:10Z,STORE_34
ccf5e149-544b-4e88-a984-fcde78187612,C15809,441.95,2026-03-14T06:33:44Z,STORE_17
ef04a7d2-6cd7-4a06-b25d-01fb1800a7bd,C79789,326.38,2026-03-14T14:13:59Z,STORE_18
28de45ca-6c52-4560-8b17-58f8bb3c9dec,C61666,461.46,2026-03-12T12:51:39Z,STORE_21
c0e383f4-59a1-4f5c-a804-da8bbf84c543,C54141,316.19,2026-03-12T01:20:20Z,STORE_50
6bdb1324-adac-44ed-a0c3-1fc1852d0afb,C59482,80.08,2026-03-14T11:20:07Z,STORE_6
794cb2be-fa31-471d-8688-94f50bf0316d,C64585,123.59,2026-03-13T22:23:58Z,STORE_26
901556e4-1ecf-4512-a26e-24361bee2102,C71957,462.65,2026-03-15T04:20:58Z,STORE_40
62d45111-0b93-43f7-b107-8c978a55773e,C54327,390.57,2026-03-11T17:18:04Z,STORE_25
5798daeb-b9d0-4031-a682-18e6c450bdc5,C77641,486.28,2026-03-11T18:31:55Z,STORE_7
0b327f06-9f4a-4e47-8f60-0c2408e6d6a0,C85669,291.52,2026-03-11T19:42:40Z,STORE_38
e1e95fd0-efe2-4de2-a2f0-752c2efef122,C81168,244.83,2026-03-13T06:33:16Z,STORE_23
65ca01ca-6ddd-4872-9f9d-bebc8635b477,C78088,49.28,2026-03-10T23:35:24Z,STORE_48
8d9ef996-19fa-4238-8a10-3ce2d332ee85,C93014,451.87,2026-03-13T02:25:15Z,STORE_9
f3c56704-0e02-46f0-b677-531d49e01af1,C40897,58.2,2026-03-12T01:15:27Z,STORE_31
42a073a1-1564-413f-a205-1e1dc013edc8,C12827,82.78,2026-03-11T00:28:19Z,STORE_17
d565f582-d95e-4d8e-b4d5-e307f28461b7,C34868,154.36,2026-03-14T03:37:19Z,STORE_7
e9d5d68c-16ba-4365-b2fd-0d973a3d3d0a,C53681,252.74,2026-03-13T04:09:06Z,STORE_7
f0c68177-5d13-48a8-a68a-f788f46ef10f,C87446,286.66,2026-03-12T09:54:28Z,STORE_16
162a3044-3b4e-4af1-97a4-0e051862cf45,C18379,-11.34,2026-03-12T05:36:02Z,STORE_34
e0626a1e-182d-42a1-9626-7f802740bc8a,C44340,159.93,2026-03-12T21:02:33Z,STORE_47
